2026-03-10 23:11:14,762 - INFO - === Starting Inference ===
2026-03-10 23:11:14,762 - INFO - Species: BelugaID, Protocol: p1
2026-03-10 23:11:14,762 - INFO - Model: qwen3-vl:8b
2026-03-10 23:11:14,762 - INFO - Annotation File: annotations/BelugaID/p1/BelugaID_I2I_P1_N4.json
2026-03-10 23:11:14,763 - INFO - Output Directory: results/BelugaID/p1/predictions/qwen3-vl_8b
2026-03-10 23:11:14,769 - INFO - Loaded 2351 tasks.
2026-03-10 23:11:30,870 - WARNING - Task Beluga_MCQ_000001: Failed to extract answer (Attempt 1/3).
2026-03-10 23:12:12,823 - WARNING - Task Beluga_MCQ_000006: Failed to extract answer (Attempt 1/3).
2026-03-10 23:12:31,155 - WARNING - Task Beluga_MCQ_000007: Failed to extract answer (Attempt 1/3).
2026-03-10 23:13:15,265 - WARNING - Task Beluga_MCQ_000012: Failed to extract answer (Attempt 1/3).
2026-03-10 23:13:48,754 - WARNING - Task Beluga_MCQ_000016: Failed to extract answer (Attempt 1/3).
2026-03-10 23:14:18,400 - WARNING - Task Beluga_MCQ_000019: Failed to extract answer (Attempt 1/3).
2026-03-10 23:14:31,003 - WARNING - Task Beluga_MCQ_000019: Failed to extract answer (Attempt 2/3).
2026-03-10 23:14:43,444 - WARNING - Task Beluga_MCQ_000019: Failed to extract answer (Attempt 3/3).
2026-03-10 23:15:04,198 - WARNING - Task Beluga_MCQ_000021: Failed to extract answer (Attempt 1/3).
2026-03-10 23:15:16,607 - WARNING - Task Beluga_MCQ_000021: Failed to extract answer (Attempt 2/3).
2026-03-10 23:15:29,047 - WARNING - Task Beluga_MCQ_000021: Failed to extract answer (Attempt 3/3).
2026-03-10 23:15:41,459 - WARNING - Task Beluga_MCQ_000022: Failed to extract answer (Attempt 1/3).
2026-03-10 23:16:20,103 - WARNING - Task Beluga_MCQ_000027: Failed to extract answer (Attempt 1/3).
2026-03-10 23:16:32,533 - WARNING - Task Beluga_MCQ_000027: Failed to extract answer (Attempt 2/3).
2026-03-10 23:16:44,947 - WARNING - Task Beluga_MCQ_000027: Failed to extract answer (Attempt 3/3).
2026-03-10 23:17:22,687 - WARNING - Task Beluga_MCQ_000032: Failed to extract answer (Attempt 1/3).
2026-03-10 23:17:42,807 - WARNING - Task Beluga_MCQ_000034: Failed to extract answer (Attempt 1/3).
2026-03-10 23:17:55,256 - WARNING - Task Beluga_MCQ_000034: Failed to extract answer (Attempt 2/3).
2026-03-10 23:18:07,708 - WARNING - Task Beluga_MCQ_000034: Failed to extract answer (Attempt 3/3).
2026-03-10 23:18:20,152 - WARNING - Task Beluga_MCQ_000035: Failed to extract answer (Attempt 1/3).
2026-03-10 23:18:32,604 - WARNING - Task Beluga_MCQ_000035: Failed to extract answer (Attempt 2/3).
2026-03-10 23:18:45,044 - WARNING - Task Beluga_MCQ_000035: Failed to extract answer (Attempt 3/3).
2026-03-10 23:19:05,971 - WARNING - Task Beluga_MCQ_000037: Failed to extract answer (Attempt 1/3).
2026-03-10 23:19:18,432 - WARNING - Task Beluga_MCQ_000037: Failed to extract answer (Attempt 2/3).
2026-03-10 23:19:30,906 - WARNING - Task Beluga_MCQ_000037: Failed to extract answer (Attempt 3/3).
2026-03-10 23:19:43,337 - WARNING - Task Beluga_MCQ_000038: Failed to extract answer (Attempt 1/3).
2026-03-10 23:20:04,352 - WARNING - Task Beluga_MCQ_000039: Failed to extract answer (Attempt 1/3).
2026-03-10 23:20:16,792 - WARNING - Task Beluga_MCQ_000039: Failed to extract answer (Attempt 2/3).
2026-03-10 23:20:29,255 - WARNING - Task Beluga_MCQ_000039: Failed to extract answer (Attempt 3/3).
2026-03-10 23:21:00,424 - WARNING - Task Beluga_MCQ_000042: Failed to extract answer (Attempt 1/3).
2026-03-10 23:21:12,905 - WARNING - Task Beluga_MCQ_000042: Failed to extract answer (Attempt 2/3).
2026-03-10 23:21:25,343 - WARNING - Task Beluga_MCQ_000042: Failed to extract answer (Attempt 3/3).
2026-03-10 23:21:41,735 - WARNING - Task Beluga_MCQ_000044: Failed to extract answer (Attempt 1/3).
2026-03-10 23:22:21,282 - WARNING - Task Beluga_MCQ_000050: Failed to extract answer (Attempt 1/3).
2026-03-10 23:22:40,614 - WARNING - Task Beluga_MCQ_000052: Failed to extract answer (Attempt 1/3).
2026-03-10 23:22:53,114 - WARNING - Task Beluga_MCQ_000052: Failed to extract answer (Attempt 2/3).
2026-03-10 23:23:05,612 - WARNING - Task Beluga_MCQ_000052: Failed to extract answer (Attempt 3/3).
2026-03-10 23:23:18,812 - WARNING - Task Beluga_MCQ_000054: Failed to extract answer (Attempt 1/3).
2026-03-10 23:23:37,435 - WARNING - Task Beluga_MCQ_000055: Failed to extract answer (Attempt 1/3).
2026-03-10 23:24:14,510 - WARNING - Task Beluga_MCQ_000058: Failed to extract answer (Attempt 1/3).
2026-03-10 23:24:35,803 - WARNING - Task Beluga_MCQ_000060: Failed to extract answer (Attempt 1/3).
2026-03-10 23:24:58,757 - WARNING - Task Beluga_MCQ_000063: Failed to extract answer (Attempt 1/3).
2026-03-10 23:25:20,602 - WARNING - Task Beluga_MCQ_000064: Failed to extract answer (Attempt 1/3).
2026-03-10 23:25:34,810 - WARNING - Task Beluga_MCQ_000065: Failed to extract answer (Attempt 1/3).
2026-03-10 23:25:47,232 - WARNING - Task Beluga_MCQ_000065: Failed to extract answer (Attempt 2/3).
2026-03-10 23:25:59,692 - WARNING - Task Beluga_MCQ_000065: Failed to extract answer (Attempt 3/3).
2026-03-10 23:26:12,000 - WARNING - Task Beluga_MCQ_000066: Failed to extract answer (Attempt 1/3).
2026-03-10 23:26:24,446 - WARNING - Task Beluga_MCQ_000066: Failed to extract answer (Attempt 2/3).
2026-03-10 23:26:36,838 - WARNING - Task Beluga_MCQ_000066: Failed to extract answer (Attempt 3/3).
2026-03-10 23:26:49,268 - WARNING - Task Beluga_MCQ_000067: Failed to extract answer (Attempt 1/3).
2026-03-10 23:27:07,365 - WARNING - Task Beluga_MCQ_000069: Failed to extract answer (Attempt 1/3).
2026-03-10 23:27:52,984 - WARNING - Task Beluga_MCQ_000074: Failed to extract answer (Attempt 1/3).
2026-03-10 23:28:05,420 - WARNING - Task Beluga_MCQ_000074: Failed to extract answer (Attempt 2/3).
2026-03-10 23:28:17,902 - WARNING - Task Beluga_MCQ_000074: Failed to extract answer (Attempt 3/3).
2026-03-10 23:28:30,306 - WARNING - Task Beluga_MCQ_000075: Failed to extract answer (Attempt 1/3).
2026-03-10 23:29:48,710 - WARNING - Task Beluga_MCQ_000088: Failed to extract answer (Attempt 1/3).
2026-03-10 23:30:01,173 - WARNING - Task Beluga_MCQ_000088: Failed to extract answer (Attempt 2/3).
2026-03-10 23:30:13,662 - WARNING - Task Beluga_MCQ_000088: Failed to extract answer (Attempt 3/3).
2026-03-10 23:30:40,762 - WARNING - Task Beluga_MCQ_000092: Failed to extract answer (Attempt 1/3).
2026-03-10 23:30:53,192 - WARNING - Task Beluga_MCQ_000092: Failed to extract answer (Attempt 2/3).
2026-03-10 23:31:05,660 - WARNING - Task Beluga_MCQ_000092: Failed to extract answer (Attempt 3/3).
2026-03-10 23:31:28,841 - WARNING - Task Beluga_MCQ_000096: Failed to extract answer (Attempt 1/3).
2026-03-10 23:31:41,298 - WARNING - Task Beluga_MCQ_000096: Failed to extract answer (Attempt 2/3).
2026-03-10 23:31:53,782 - WARNING - Task Beluga_MCQ_000096: Failed to extract answer (Attempt 3/3).
2026-03-10 23:32:30,251 - WARNING - Task Beluga_MCQ_000102: Failed to extract answer (Attempt 1/3).
2026-03-10 23:32:49,968 - WARNING - Task Beluga_MCQ_000105: Failed to extract answer (Attempt 1/3).
2026-03-10 23:33:40,947 - WARNING - Task Beluga_MCQ_000113: Failed to extract answer (Attempt 1/3).
2026-03-10 23:33:53,414 - WARNING - Task Beluga_MCQ_000113: Failed to extract answer (Attempt 2/3).
2026-03-10 23:34:05,879 - WARNING - Task Beluga_MCQ_000113: Failed to extract answer (Attempt 3/3).
2026-03-10 23:34:18,189 - WARNING - Task Beluga_MCQ_000114: Failed to extract answer (Attempt 1/3).
2026-03-10 23:34:47,960 - WARNING - Task Beluga_MCQ_000116: Failed to extract answer (Attempt 1/3).
2026-03-10 23:35:29,419 - WARNING - Task Beluga_MCQ_000122: Failed to extract answer (Attempt 1/3).
2026-03-10 23:35:41,894 - WARNING - Task Beluga_MCQ_000122: Failed to extract answer (Attempt 2/3).
2026-03-10 23:35:54,389 - WARNING - Task Beluga_MCQ_000122: Failed to extract answer (Attempt 3/3).
2026-03-10 23:36:14,457 - WARNING - Task Beluga_MCQ_000126: Failed to extract answer (Attempt 1/3).
2026-03-10 23:36:59,589 - WARNING - Task Beluga_MCQ_000131: Failed to extract answer (Attempt 1/3).
2026-03-10 23:37:12,056 - WARNING - Task Beluga_MCQ_000131: Failed to extract answer (Attempt 2/3).
2026-03-10 23:37:24,597 - WARNING - Task Beluga_MCQ_000131: Failed to extract answer (Attempt 3/3).
2026-03-10 23:37:52,046 - WARNING - Task Beluga_MCQ_000134: Failed to extract answer (Attempt 1/3).
2026-03-10 23:38:04,465 - WARNING - Task Beluga_MCQ_000134: Failed to extract answer (Attempt 2/3).
2026-03-10 23:38:16,881 - WARNING - Task Beluga_MCQ_000134: Failed to extract answer (Attempt 3/3).
2026-03-10 23:38:29,283 - WARNING - Task Beluga_MCQ_000135: Failed to extract answer (Attempt 1/3).
2026-03-10 23:38:41,753 - WARNING - Task Beluga_MCQ_000135: Failed to extract answer (Attempt 2/3).
2026-03-10 23:38:54,251 - WARNING - Task Beluga_MCQ_000135: Failed to extract answer (Attempt 3/3).
2026-03-10 23:39:19,434 - WARNING - Task Beluga_MCQ_000139: Failed to extract answer (Attempt 1/3).
2026-03-10 23:39:31,903 - WARNING - Task Beluga_MCQ_000139: Failed to extract answer (Attempt 2/3).
2026-03-10 23:39:44,371 - WARNING - Task Beluga_MCQ_000139: Failed to extract answer (Attempt 3/3).
2026-03-10 23:39:56,783 - WARNING - Task Beluga_MCQ_000140: Failed to extract answer (Attempt 1/3).
2026-03-10 23:40:28,604 - WARNING - Task Beluga_MCQ_000143: Failed to extract answer (Attempt 1/3).
2026-03-10 23:40:41,051 - WARNING - Task Beluga_MCQ_000143: Failed to extract answer (Attempt 2/3).
2026-03-10 23:40:53,496 - WARNING - Task Beluga_MCQ_000143: Failed to extract answer (Attempt 3/3).
2026-03-10 23:41:31,620 - WARNING - Task Beluga_MCQ_000147: Failed to extract answer (Attempt 1/3).
2026-03-10 23:41:44,049 - WARNING - Task Beluga_MCQ_000147: Failed to extract answer (Attempt 2/3).
2026-03-10 23:41:56,494 - WARNING - Task Beluga_MCQ_000147: Failed to extract answer (Attempt 3/3).
2026-03-10 23:42:08,801 - WARNING - Task Beluga_MCQ_000148: Failed to extract answer (Attempt 1/3).
2026-03-10 23:42:21,216 - WARNING - Task Beluga_MCQ_000148: Failed to extract answer (Attempt 2/3).
2026-03-10 23:42:33,670 - WARNING - Task Beluga_MCQ_000148: Failed to extract answer (Attempt 3/3).
2026-03-10 23:42:45,999 - WARNING - Task Beluga_MCQ_000149: Failed to extract answer (Attempt 1/3).
2026-03-10 23:42:58,567 - WARNING - Task Beluga_MCQ_000149: Failed to extract answer (Attempt 2/3).
2026-03-10 23:43:11,047 - WARNING - Task Beluga_MCQ_000149: Failed to extract answer (Attempt 3/3).
2026-03-10 23:43:24,354 - WARNING - Task Beluga_MCQ_000151: Failed to extract answer (Attempt 1/3).
2026-03-10 23:43:38,805 - WARNING - Task Beluga_MCQ_000152: Failed to extract answer (Attempt 1/3).
2026-03-10 23:44:24,418 - WARNING - Task Beluga_MCQ_000161: Failed to extract answer (Attempt 1/3).
2026-03-10 23:44:45,490 - WARNING - Task Beluga_MCQ_000163: Failed to extract answer (Attempt 1/3).
2026-03-10 23:44:57,959 - WARNING - Task Beluga_MCQ_000163: Failed to extract answer (Attempt 2/3).
2026-03-10 23:45:10,447 - WARNING - Task Beluga_MCQ_000163: Failed to extract answer (Attempt 3/3).
2026-03-10 23:45:26,166 - WARNING - Task Beluga_MCQ_000165: Failed to extract answer (Attempt 1/3).
2026-03-10 23:45:38,637 - WARNING - Task Beluga_MCQ_000165: Failed to extract answer (Attempt 2/3).
2026-03-10 23:45:51,117 - WARNING - Task Beluga_MCQ_000165: Failed to extract answer (Attempt 3/3).
2026-03-10 23:46:03,525 - WARNING - Task Beluga_MCQ_000166: Failed to extract answer (Attempt 1/3).
2026-03-10 23:46:34,277 - WARNING - Task Beluga_MCQ_000168: Failed to extract answer (Attempt 1/3).
2026-03-10 23:47:01,337 - WARNING - Task Beluga_MCQ_000171: Failed to extract answer (Attempt 1/3).
2026-03-10 23:47:38,235 - WARNING - Task Beluga_MCQ_000177: Failed to extract answer (Attempt 1/3).
2026-03-10 23:47:50,712 - WARNING - Task Beluga_MCQ_000177: Failed to extract answer (Attempt 2/3).
2026-03-10 23:48:03,196 - WARNING - Task Beluga_MCQ_000177: Failed to extract answer (Attempt 3/3).
2026-03-10 23:48:46,058 - WARNING - Task Beluga_MCQ_000183: Failed to extract answer (Attempt 1/3).
2026-03-10 23:48:58,483 - WARNING - Task Beluga_MCQ_000183: Failed to extract answer (Attempt 2/3).
2026-03-10 23:49:10,947 - WARNING - Task Beluga_MCQ_000183: Failed to extract answer (Attempt 3/3).
2026-03-10 23:49:56,790 - WARNING - Task Beluga_MCQ_000189: Failed to extract answer (Attempt 1/3).
2026-03-10 23:50:15,172 - WARNING - Task Beluga_MCQ_000191: Failed to extract answer (Attempt 1/3).
2026-03-10 23:50:27,617 - WARNING - Task Beluga_MCQ_000191: Failed to extract answer (Attempt 2/3).
2026-03-10 23:50:40,068 - WARNING - Task Beluga_MCQ_000191: Failed to extract answer (Attempt 3/3).
2026-03-10 23:51:00,171 - WARNING - Task Beluga_MCQ_000193: Failed to extract answer (Attempt 1/3).
2026-03-10 23:51:37,188 - WARNING - Task Beluga_MCQ_000197: Failed to extract answer (Attempt 1/3).
2026-03-10 23:51:49,758 - WARNING - Task Beluga_MCQ_000197: Failed to extract answer (Attempt 2/3).
2026-03-10 23:52:02,206 - WARNING - Task Beluga_MCQ_000197: Failed to extract answer (Attempt 3/3).
2026-03-10 23:52:36,915 - WARNING - Task Beluga_MCQ_000201: Failed to extract answer (Attempt 1/3).
2026-03-10 23:52:52,636 - WARNING - Task Beluga_MCQ_000202: Failed to extract answer (Attempt 1/3).
2026-03-10 23:53:15,301 - WARNING - Task Beluga_MCQ_000203: Failed to extract answer (Attempt 1/3).
2026-03-10 23:53:40,582 - WARNING - Task Beluga_MCQ_000205: Failed to extract answer (Attempt 1/3).
2026-03-10 23:53:53,029 - WARNING - Task Beluga_MCQ_000205: Failed to extract answer (Attempt 2/3).
2026-03-10 23:54:05,485 - WARNING - Task Beluga_MCQ_000205: Failed to extract answer (Attempt 3/3).
2026-03-10 23:54:17,905 - WARNING - Task Beluga_MCQ_000206: Failed to extract answer (Attempt 1/3).
2026-03-10 23:54:56,124 - WARNING - Task Beluga_MCQ_000212: Failed to extract answer (Attempt 1/3).
2026-03-10 23:55:24,391 - WARNING - Task Beluga_MCQ_000216: Failed to extract answer (Attempt 1/3).
2026-03-10 23:55:45,555 - WARNING - Task Beluga_MCQ_000218: Failed to extract answer (Attempt 1/3).
2026-03-10 23:55:58,025 - WARNING - Task Beluga_MCQ_000218: Failed to extract answer (Attempt 2/3).
2026-03-10 23:56:10,502 - WARNING - Task Beluga_MCQ_000218: Failed to extract answer (Attempt 3/3).
2026-03-10 23:56:29,011 - WARNING - Task Beluga_MCQ_000221: Failed to extract answer (Attempt 1/3).
2026-03-10 23:56:41,492 - WARNING - Task Beluga_MCQ_000221: Failed to extract answer (Attempt 2/3).
2026-03-10 23:56:53,945 - WARNING - Task Beluga_MCQ_000221: Failed to extract answer (Attempt 3/3).
2026-03-10 23:57:21,796 - WARNING - Task Beluga_MCQ_000227: Failed to extract answer (Attempt 1/3).
2026-03-10 23:57:55,067 - WARNING - Task Beluga_MCQ_000230: Failed to extract answer (Attempt 1/3).
2026-03-10 23:58:12,558 - WARNING - Task Beluga_MCQ_000232: Failed to extract answer (Attempt 1/3).
2026-03-10 23:58:25,013 - WARNING - Task Beluga_MCQ_000232: Failed to extract answer (Attempt 2/3).
2026-03-10 23:58:37,501 - WARNING - Task Beluga_MCQ_000232: Failed to extract answer (Attempt 3/3).
2026-03-10 23:58:49,915 - WARNING - Task Beluga_MCQ_000233: Failed to extract answer (Attempt 1/3).
2026-03-10 23:59:10,010 - WARNING - Task Beluga_MCQ_000234: Failed to extract answer (Attempt 1/3).
2026-03-10 23:59:35,339 - WARNING - Task Beluga_MCQ_000236: Failed to extract answer (Attempt 1/3).
2026-03-10 23:59:47,814 - WARNING - Task Beluga_MCQ_000236: Failed to extract answer (Attempt 2/3).
2026-03-11 00:00:00,264 - WARNING - Task Beluga_MCQ_000236: Failed to extract answer (Attempt 3/3).
2026-03-11 00:00:41,070 - WARNING - Task Beluga_MCQ_000242: Failed to extract answer (Attempt 1/3).
2026-03-11 00:00:53,523 - WARNING - Task Beluga_MCQ_000242: Failed to extract answer (Attempt 2/3).
2026-03-11 00:01:05,994 - WARNING - Task Beluga_MCQ_000242: Failed to extract answer (Attempt 3/3).
2026-03-11 00:01:29,584 - WARNING - Task Beluga_MCQ_000245: Failed to extract answer (Attempt 1/3).
2026-03-11 00:01:45,138 - WARNING - Task Beluga_MCQ_000246: Failed to extract answer (Attempt 1/3).
2026-03-11 00:01:57,540 - WARNING - Task Beluga_MCQ_000246: Failed to extract answer (Attempt 2/3).
2026-03-11 00:02:09,995 - WARNING - Task Beluga_MCQ_000246: Failed to extract answer (Attempt 3/3).
2026-03-11 00:02:29,067 - WARNING - Task Beluga_MCQ_000249: Failed to extract answer (Attempt 1/3).
2026-03-11 00:02:41,532 - WARNING - Task Beluga_MCQ_000249: Failed to extract answer (Attempt 2/3).
2026-03-11 00:02:53,963 - WARNING - Task Beluga_MCQ_000249: Failed to extract answer (Attempt 3/3).
2026-03-11 00:03:51,452 - WARNING - Task Beluga_MCQ_000262: Failed to extract answer (Attempt 1/3).
2026-03-11 00:04:03,873 - WARNING - Task Beluga_MCQ_000262: Failed to extract answer (Attempt 2/3).
2026-03-11 00:04:16,317 - WARNING - Task Beluga_MCQ_000262: Failed to extract answer (Attempt 3/3).
2026-03-11 00:04:40,783 - WARNING - Task Beluga_MCQ_000267: Failed to extract answer (Attempt 1/3).
2026-03-11 00:04:53,263 - WARNING - Task Beluga_MCQ_000267: Failed to extract answer (Attempt 2/3).
2026-03-11 00:05:05,712 - WARNING - Task Beluga_MCQ_000267: Failed to extract answer (Attempt 3/3).
2026-03-11 00:05:36,895 - WARNING - Task Beluga_MCQ_000272: Failed to extract answer (Attempt 1/3).
2026-03-11 00:05:49,379 - WARNING - Task Beluga_MCQ_000272: Failed to extract answer (Attempt 2/3).
2026-03-11 00:06:01,953 - WARNING - Task Beluga_MCQ_000272: Failed to extract answer (Attempt 3/3).
2026-03-11 00:06:35,535 - WARNING - Task Beluga_MCQ_000276: Failed to extract answer (Attempt 1/3).
2026-03-11 00:06:47,987 - WARNING - Task Beluga_MCQ_000276: Failed to extract answer (Attempt 2/3).
2026-03-11 00:07:00,427 - WARNING - Task Beluga_MCQ_000276: Failed to extract answer (Attempt 3/3).
2026-03-11 00:07:26,135 - WARNING - Task Beluga_MCQ_000280: Failed to extract answer (Attempt 1/3).
2026-03-11 00:07:38,606 - WARNING - Task Beluga_MCQ_000280: Failed to extract answer (Attempt 2/3).
2026-03-11 00:07:51,081 - WARNING - Task Beluga_MCQ_000280: Failed to extract answer (Attempt 3/3).
2026-03-11 00:08:18,084 - WARNING - Task Beluga_MCQ_000284: Failed to extract answer (Attempt 1/3).
2026-03-11 00:08:30,600 - WARNING - Task Beluga_MCQ_000284: Failed to extract answer (Attempt 2/3).
2026-03-11 00:08:43,116 - WARNING - Task Beluga_MCQ_000284: Failed to extract answer (Attempt 3/3).
2026-03-11 00:09:13,679 - WARNING - Task Beluga_MCQ_000287: Failed to extract answer (Attempt 1/3).
2026-03-11 00:09:29,609 - WARNING - Task Beluga_MCQ_000289: Failed to extract answer (Attempt 1/3).
2026-03-11 00:09:49,861 - WARNING - Task Beluga_MCQ_000290: Failed to extract answer (Attempt 1/3).
2026-03-11 00:10:02,345 - WARNING - Task Beluga_MCQ_000290: Failed to extract answer (Attempt 2/3).
2026-03-11 00:10:14,838 - WARNING - Task Beluga_MCQ_000290: Failed to extract answer (Attempt 3/3).
2026-03-11 00:10:38,279 - WARNING - Task Beluga_MCQ_000296: Failed to extract answer (Attempt 1/3).
2026-03-11 00:10:50,743 - WARNING - Task Beluga_MCQ_000296: Failed to extract answer (Attempt 2/3).
2026-03-11 00:11:03,213 - WARNING - Task Beluga_MCQ_000296: Failed to extract answer (Attempt 3/3).
2026-03-11 00:11:15,519 - WARNING - Task Beluga_MCQ_000297: Failed to extract answer (Attempt 1/3).
2026-03-11 00:11:35,007 - WARNING - Task Beluga_MCQ_000299: Failed to extract answer (Attempt 1/3).
2026-03-11 00:12:20,732 - WARNING - Task Beluga_MCQ_000304: Failed to extract answer (Attempt 1/3).
2026-03-11 00:12:33,210 - WARNING - Task Beluga_MCQ_000304: Failed to extract answer (Attempt 2/3).
2026-03-11 00:12:45,665 - WARNING - Task Beluga_MCQ_000304: Failed to extract answer (Attempt 3/3).
2026-03-11 00:13:48,967 - WARNING - Task Beluga_MCQ_000315: Failed to extract answer (Attempt 1/3).
2026-03-11 00:14:02,376 - WARNING - Task Beluga_MCQ_000316: Failed to extract answer (Attempt 1/3).
2026-03-11 00:14:18,272 - WARNING - Task Beluga_MCQ_000317: Failed to extract answer (Attempt 1/3).
2026-03-11 00:14:30,744 - WARNING - Task Beluga_MCQ_000317: Failed to extract answer (Attempt 2/3).
2026-03-11 00:14:43,176 - WARNING - Task Beluga_MCQ_000317: Failed to extract answer (Attempt 3/3).
2026-03-11 00:14:55,494 - WARNING - Task Beluga_MCQ_000318: Failed to extract answer (Attempt 1/3).
2026-03-11 00:15:07,989 - WARNING - Task Beluga_MCQ_000318: Failed to extract answer (Attempt 2/3).
2026-03-11 00:15:20,491 - WARNING - Task Beluga_MCQ_000318: Failed to extract answer (Attempt 3/3).
2026-03-11 00:15:44,317 - WARNING - Task Beluga_MCQ_000323: Failed to extract answer (Attempt 1/3).
2026-03-11 00:16:08,509 - WARNING - Task Beluga_MCQ_000325: Failed to extract answer (Attempt 1/3).
2026-03-11 00:16:43,417 - WARNING - Task Beluga_MCQ_000327: Failed to extract answer (Attempt 1/3).
2026-03-11 00:16:55,904 - WARNING - Task Beluga_MCQ_000327: Failed to extract answer (Attempt 2/3).
2026-03-11 00:17:08,374 - WARNING - Task Beluga_MCQ_000327: Failed to extract answer (Attempt 3/3).
2026-03-11 00:17:22,631 - WARNING - Task Beluga_MCQ_000330: Failed to extract answer (Attempt 1/3).
2026-03-11 00:17:38,920 - WARNING - Task Beluga_MCQ_000331: Failed to extract answer (Attempt 1/3).
2026-03-11 00:17:51,423 - WARNING - Task Beluga_MCQ_000331: Failed to extract answer (Attempt 2/3).
2026-03-11 00:18:03,900 - WARNING - Task Beluga_MCQ_000331: Failed to extract answer (Attempt 3/3).
2026-03-11 00:18:17,230 - WARNING - Task Beluga_MCQ_000333: Failed to extract answer (Attempt 1/3).
2026-03-11 00:18:29,718 - WARNING - Task Beluga_MCQ_000333: Failed to extract answer (Attempt 2/3).
2026-03-11 00:18:42,200 - WARNING - Task Beluga_MCQ_000333: Failed to extract answer (Attempt 3/3).
2026-03-11 00:18:57,117 - WARNING - Task Beluga_MCQ_000335: Failed to extract answer (Attempt 1/3).
2026-03-11 00:19:18,383 - WARNING - Task Beluga_MCQ_000337: Failed to extract answer (Attempt 1/3).
2026-03-11 00:19:30,859 - WARNING - Task Beluga_MCQ_000337: Failed to extract answer (Attempt 2/3).
2026-03-11 00:19:43,381 - WARNING - Task Beluga_MCQ_000337: Failed to extract answer (Attempt 3/3).
2026-03-11 00:19:55,798 - WARNING - Task Beluga_MCQ_000338: Failed to extract answer (Attempt 1/3).
2026-03-11 00:20:56,479 - WARNING - Task Beluga_MCQ_000344: Failed to extract answer (Attempt 1/3).
2026-03-11 00:21:08,916 - WARNING - Task Beluga_MCQ_000344: Failed to extract answer (Attempt 2/3).
2026-03-11 00:21:21,352 - WARNING - Task Beluga_MCQ_000344: Failed to extract answer (Attempt 3/3).
2026-03-11 00:21:42,460 - WARNING - Task Beluga_MCQ_000346: Failed to extract answer (Attempt 1/3).
2026-03-11 00:22:07,239 - WARNING - Task Beluga_MCQ_000348: Failed to extract answer (Attempt 1/3).
2026-03-11 00:22:51,142 - WARNING - Task Beluga_MCQ_000353: Failed to extract answer (Attempt 1/3).
2026-03-11 00:23:40,183 - WARNING - Task Beluga_MCQ_000357: Failed to extract answer (Attempt 1/3).
2026-03-11 00:23:52,643 - WARNING - Task Beluga_MCQ_000357: Failed to extract answer (Attempt 2/3).
2026-03-11 00:24:05,142 - WARNING - Task Beluga_MCQ_000357: Failed to extract answer (Attempt 3/3).
2026-03-11 00:24:17,582 - WARNING - Task Beluga_MCQ_000358: Failed to extract answer (Attempt 1/3).
2026-03-11 00:24:30,049 - WARNING - Task Beluga_MCQ_000358: Failed to extract answer (Attempt 2/3).
2026-03-11 00:24:42,509 - WARNING - Task Beluga_MCQ_000358: Failed to extract answer (Attempt 3/3).
2026-03-11 00:25:04,498 - WARNING - Task Beluga_MCQ_000361: Failed to extract answer (Attempt 1/3).
2026-03-11 00:25:16,953 - WARNING - Task Beluga_MCQ_000361: Failed to extract answer (Attempt 2/3).
2026-03-11 00:25:29,420 - WARNING - Task Beluga_MCQ_000361: Failed to extract answer (Attempt 3/3).
2026-03-11 00:25:41,867 - WARNING - Task Beluga_MCQ_000362: Failed to extract answer (Attempt 1/3).
2026-03-11 00:25:54,444 - WARNING - Task Beluga_MCQ_000362: Failed to extract answer (Attempt 2/3).
2026-03-11 00:26:06,905 - WARNING - Task Beluga_MCQ_000362: Failed to extract answer (Attempt 3/3).
2026-03-11 00:26:19,252 - WARNING - Task Beluga_MCQ_000363: Failed to extract answer (Attempt 1/3).
2026-03-11 00:26:31,749 - WARNING - Task Beluga_MCQ_000363: Failed to extract answer (Attempt 2/3).
2026-03-11 00:26:44,193 - WARNING - Task Beluga_MCQ_000363: Failed to extract answer (Attempt 3/3).
2026-03-11 00:27:06,166 - WARNING - Task Beluga_MCQ_000366: Failed to extract answer (Attempt 1/3).
2026-03-11 00:27:18,614 - WARNING - Task Beluga_MCQ_000366: Failed to extract answer (Attempt 2/3).
2026-03-11 00:27:31,092 - WARNING - Task Beluga_MCQ_000366: Failed to extract answer (Attempt 3/3).
2026-03-11 00:27:45,673 - WARNING - Task Beluga_MCQ_000368: Failed to extract answer (Attempt 1/3).
2026-03-11 00:27:58,128 - WARNING - Task Beluga_MCQ_000368: Failed to extract answer (Attempt 2/3).
2026-03-11 00:28:10,566 - WARNING - Task Beluga_MCQ_000368: Failed to extract answer (Attempt 3/3).
2026-03-11 00:28:22,888 - WARNING - Task Beluga_MCQ_000369: Failed to extract answer (Attempt 1/3).
2026-03-11 00:28:35,355 - WARNING - Task Beluga_MCQ_000369: Failed to extract answer (Attempt 2/3).
2026-03-11 00:28:47,820 - WARNING - Task Beluga_MCQ_000369: Failed to extract answer (Attempt 3/3).
2026-03-11 00:29:00,243 - WARNING - Task Beluga_MCQ_000370: Failed to extract answer (Attempt 1/3).
2026-03-11 00:29:17,276 - WARNING - Task Beluga_MCQ_000371: Failed to extract answer (Attempt 1/3).
2026-03-11 00:29:29,741 - WARNING - Task Beluga_MCQ_000371: Failed to extract answer (Attempt 2/3).
2026-03-11 00:29:42,195 - WARNING - Task Beluga_MCQ_000371: Failed to extract answer (Attempt 3/3).
2026-03-11 00:30:02,424 - WARNING - Task Beluga_MCQ_000374: Failed to extract answer (Attempt 1/3).
2026-03-11 00:30:23,671 - WARNING - Task Beluga_MCQ_000375: Failed to extract answer (Attempt 1/3).
2026-03-11 00:30:36,148 - WARNING - Task Beluga_MCQ_000375: Failed to extract answer (Attempt 2/3).
2026-03-11 00:30:48,593 - WARNING - Task Beluga_MCQ_000375: Failed to extract answer (Attempt 3/3).
2026-03-11 00:31:01,029 - WARNING - Task Beluga_MCQ_000376: Failed to extract answer (Attempt 1/3).
2026-03-11 00:31:24,471 - WARNING - Task Beluga_MCQ_000377: Failed to extract answer (Attempt 1/3).
2026-03-11 00:31:46,695 - WARNING - Task Beluga_MCQ_000379: Failed to extract answer (Attempt 1/3).
2026-03-11 00:31:59,158 - WARNING - Task Beluga_MCQ_000379: Failed to extract answer (Attempt 2/3).
2026-03-11 00:32:11,619 - WARNING - Task Beluga_MCQ_000379: Failed to extract answer (Attempt 3/3).
2026-03-11 00:32:24,079 - WARNING - Task Beluga_MCQ_000380: Failed to extract answer (Attempt 1/3).
2026-03-11 00:33:14,559 - WARNING - Task Beluga_MCQ_000387: Failed to extract answer (Attempt 1/3).
2026-03-11 00:33:27,046 - WARNING - Task Beluga_MCQ_000387: Failed to extract answer (Attempt 2/3).
2026-03-11 00:33:39,550 - WARNING - Task Beluga_MCQ_000387: Failed to extract answer (Attempt 3/3).
2026-03-11 00:34:02,661 - WARNING - Task Beluga_MCQ_000389: Failed to extract answer (Attempt 1/3).
2026-03-11 00:34:15,121 - WARNING - Task Beluga_MCQ_000389: Failed to extract answer (Attempt 2/3).
2026-03-11 00:34:27,615 - WARNING - Task Beluga_MCQ_000389: Failed to extract answer (Attempt 3/3).
2026-03-11 00:35:15,130 - WARNING - Task Beluga_MCQ_000395: Failed to extract answer (Attempt 1/3).
2026-03-11 00:35:27,588 - WARNING - Task Beluga_MCQ_000395: Failed to extract answer (Attempt 2/3).
2026-03-11 00:35:40,053 - WARNING - Task Beluga_MCQ_000395: Failed to extract answer (Attempt 3/3).
2026-03-11 00:36:02,278 - WARNING - Task Beluga_MCQ_000398: Failed to extract answer (Attempt 1/3).
2026-03-11 00:36:22,128 - WARNING - Task Beluga_MCQ_000399: Failed to extract answer (Attempt 1/3).
2026-03-11 00:36:34,584 - WARNING - Task Beluga_MCQ_000399: Failed to extract answer (Attempt 2/3).
2026-03-11 00:36:47,027 - WARNING - Task Beluga_MCQ_000399: Failed to extract answer (Attempt 3/3).
2026-03-11 00:37:04,017 - WARNING - Task Beluga_MCQ_000402: Failed to extract answer (Attempt 1/3).
2026-03-11 00:37:27,095 - WARNING - Task Beluga_MCQ_000403: Failed to extract answer (Attempt 1/3).
2026-03-11 00:37:48,747 - WARNING - Task Beluga_MCQ_000405: Failed to extract answer (Attempt 1/3).
2026-03-11 00:38:01,158 - WARNING - Task Beluga_MCQ_000405: Failed to extract answer (Attempt 2/3).
2026-03-11 00:38:13,603 - WARNING - Task Beluga_MCQ_000405: Failed to extract answer (Attempt 3/3).
2026-03-11 00:39:01,694 - WARNING - Task Beluga_MCQ_000411: Failed to extract answer (Attempt 1/3).
2026-03-11 00:39:14,108 - WARNING - Task Beluga_MCQ_000411: Failed to extract answer (Attempt 2/3).
2026-03-11 00:39:26,554 - WARNING - Task Beluga_MCQ_000411: Failed to extract answer (Attempt 3/3).
2026-03-11 00:39:48,662 - WARNING - Task Beluga_MCQ_000413: Failed to extract answer (Attempt 1/3).
2026-03-11 00:40:18,256 - WARNING - Task Beluga_MCQ_000415: Failed to extract answer (Attempt 1/3).
2026-03-11 00:40:31,299 - WARNING - Task Beluga_MCQ_000416: Failed to extract answer (Attempt 1/3).
2026-03-11 00:41:00,640 - WARNING - Task Beluga_MCQ_000418: Failed to extract answer (Attempt 1/3).
2026-03-11 00:41:13,111 - WARNING - Task Beluga_MCQ_000418: Failed to extract answer (Attempt 2/3).
2026-03-11 00:41:25,574 - WARNING - Task Beluga_MCQ_000418: Failed to extract answer (Attempt 3/3).
2026-03-11 00:42:27,781 - WARNING - Task Beluga_MCQ_000428: Failed to extract answer (Attempt 1/3).
2026-03-11 00:42:45,220 - WARNING - Task Beluga_MCQ_000429: Failed to extract answer (Attempt 1/3).
2026-03-11 00:42:57,709 - WARNING - Task Beluga_MCQ_000429: Failed to extract answer (Attempt 2/3).
2026-03-11 00:43:10,170 - WARNING - Task Beluga_MCQ_000429: Failed to extract answer (Attempt 3/3).
2026-03-11 00:43:36,156 - WARNING - Task Beluga_MCQ_000434: Failed to extract answer (Attempt 1/3).
2026-03-11 00:43:48,600 - WARNING - Task Beluga_MCQ_000434: Failed to extract answer (Attempt 2/3).
2026-03-11 00:44:01,031 - WARNING - Task Beluga_MCQ_000434: Failed to extract answer (Attempt 3/3).
2026-03-11 00:44:15,838 - WARNING - Task Beluga_MCQ_000436: Failed to extract answer (Attempt 1/3).
2026-03-11 00:44:28,317 - WARNING - Task Beluga_MCQ_000436: Failed to extract answer (Attempt 2/3).
2026-03-11 00:44:40,793 - WARNING - Task Beluga_MCQ_000436: Failed to extract answer (Attempt 3/3).
2026-03-11 00:45:13,270 - WARNING - Task Beluga_MCQ_000443: Failed to extract answer (Attempt 1/3).
2026-03-11 00:45:25,729 - WARNING - Task Beluga_MCQ_000443: Failed to extract answer (Attempt 2/3).
2026-03-11 00:45:38,173 - WARNING - Task Beluga_MCQ_000443: Failed to extract answer (Attempt 3/3).
2026-03-11 00:45:50,568 - WARNING - Task Beluga_MCQ_000444: Failed to extract answer (Attempt 1/3).
2026-03-11 00:46:02,998 - WARNING - Task Beluga_MCQ_000444: Failed to extract answer (Attempt 2/3).
2026-03-11 00:46:15,428 - WARNING - Task Beluga_MCQ_000444: Failed to extract answer (Attempt 3/3).
2026-03-11 00:46:27,863 - WARNING - Task Beluga_MCQ_000445: Failed to extract answer (Attempt 1/3).
2026-03-11 00:46:40,263 - WARNING - Task Beluga_MCQ_000445: Failed to extract answer (Attempt 2/3).
2026-03-11 00:46:52,733 - WARNING - Task Beluga_MCQ_000445: Failed to extract answer (Attempt 3/3).
2026-03-11 00:47:05,039 - WARNING - Task Beluga_MCQ_000446: Failed to extract answer (Attempt 1/3).
2026-03-11 00:47:17,494 - WARNING - Task Beluga_MCQ_000446: Failed to extract answer (Attempt 2/3).
2026-03-11 00:47:29,933 - WARNING - Task Beluga_MCQ_000446: Failed to extract answer (Attempt 3/3).
2026-03-11 00:47:45,048 - WARNING - Task Beluga_MCQ_000450: Failed to extract answer (Attempt 1/3).
2026-03-11 00:47:57,514 - WARNING - Task Beluga_MCQ_000450: Failed to extract answer (Attempt 2/3).
2026-03-11 00:48:10,044 - WARNING - Task Beluga_MCQ_000450: Failed to extract answer (Attempt 3/3).
2026-03-11 00:48:32,798 - WARNING - Task Beluga_MCQ_000452: Failed to extract answer (Attempt 1/3).
2026-03-11 00:48:45,354 - WARNING - Task Beluga_MCQ_000452: Failed to extract answer (Attempt 2/3).
2026-03-11 00:48:57,955 - WARNING - Task Beluga_MCQ_000452: Failed to extract answer (Attempt 3/3).
2026-03-11 00:49:10,362 - WARNING - Task Beluga_MCQ_000453: Failed to extract answer (Attempt 1/3).
2026-03-11 00:49:27,484 - WARNING - Task Beluga_MCQ_000455: Failed to extract answer (Attempt 1/3).
2026-03-11 00:50:00,765 - WARNING - Task Beluga_MCQ_000458: Failed to extract answer (Attempt 1/3).
2026-03-11 00:50:22,373 - WARNING - Task Beluga_MCQ_000459: Failed to extract answer (Attempt 1/3).
2026-03-11 00:50:34,837 - WARNING - Task Beluga_MCQ_000459: Failed to extract answer (Attempt 2/3).
2026-03-11 00:50:47,313 - WARNING - Task Beluga_MCQ_000459: Failed to extract answer (Attempt 3/3).
2026-03-11 00:51:14,772 - WARNING - Task Beluga_MCQ_000463: Failed to extract answer (Attempt 1/3).
2026-03-11 00:51:27,264 - WARNING - Task Beluga_MCQ_000463: Failed to extract answer (Attempt 2/3).
2026-03-11 00:51:39,776 - WARNING - Task Beluga_MCQ_000463: Failed to extract answer (Attempt 3/3).
2026-03-11 00:52:00,668 - WARNING - Task Beluga_MCQ_000466: Failed to extract answer (Attempt 1/3).
2026-03-11 00:52:13,111 - WARNING - Task Beluga_MCQ_000466: Failed to extract answer (Attempt 2/3).
2026-03-11 00:52:25,604 - WARNING - Task Beluga_MCQ_000466: Failed to extract answer (Attempt 3/3).
2026-03-11 00:52:46,900 - WARNING - Task Beluga_MCQ_000469: Failed to extract answer (Attempt 1/3).
2026-03-11 00:53:35,751 - WARNING - Task Beluga_MCQ_000475: Failed to extract answer (Attempt 1/3).
2026-03-11 00:54:16,428 - WARNING - Task Beluga_MCQ_000481: Failed to extract answer (Attempt 1/3).
2026-03-11 00:54:29,019 - WARNING - Task Beluga_MCQ_000481: Failed to extract answer (Attempt 2/3).
2026-03-11 00:54:41,473 - WARNING - Task Beluga_MCQ_000481: Failed to extract answer (Attempt 3/3).
2026-03-11 00:54:53,857 - WARNING - Task Beluga_MCQ_000482: Failed to extract answer (Attempt 1/3).
2026-03-11 00:55:41,993 - WARNING - Task Beluga_MCQ_000489: Failed to extract answer (Attempt 1/3).
2026-03-11 00:56:02,693 - WARNING - Task Beluga_MCQ_000491: Failed to extract answer (Attempt 1/3).
2026-03-11 00:56:15,084 - WARNING - Task Beluga_MCQ_000491: Failed to extract answer (Attempt 2/3).
2026-03-11 00:56:27,542 - WARNING - Task Beluga_MCQ_000491: Failed to extract answer (Attempt 3/3).
2026-03-11 00:56:40,003 - WARNING - Task Beluga_MCQ_000492: Failed to extract answer (Attempt 1/3).
2026-03-11 00:57:12,128 - WARNING - Task Beluga_MCQ_000495: Failed to extract answer (Attempt 1/3).
2026-03-11 00:57:33,386 - WARNING - Task Beluga_MCQ_000497: Failed to extract answer (Attempt 1/3).
2026-03-11 00:57:45,875 - WARNING - Task Beluga_MCQ_000497: Failed to extract answer (Attempt 2/3).
2026-03-11 00:57:58,385 - WARNING - Task Beluga_MCQ_000497: Failed to extract answer (Attempt 3/3).
2026-03-11 00:58:18,591 - WARNING - Task Beluga_MCQ_000500: Failed to extract answer (Attempt 1/3).
2026-03-11 00:58:40,801 - WARNING - Task Beluga_MCQ_000501: Failed to extract answer (Attempt 1/3).
2026-03-11 00:59:04,024 - WARNING - Task Beluga_MCQ_000503: Failed to extract answer (Attempt 1/3).
2026-03-11 00:59:25,326 - WARNING - Task Beluga_MCQ_000504: Failed to extract answer (Attempt 1/3).
2026-03-11 00:59:43,666 - WARNING - Task Beluga_MCQ_000506: Failed to extract answer (Attempt 1/3).
2026-03-11 01:00:03,288 - WARNING - Task Beluga_MCQ_000509: Failed to extract answer (Attempt 1/3).
2026-03-11 01:00:24,125 - WARNING - Task Beluga_MCQ_000510: Failed to extract answer (Attempt 1/3).
2026-03-11 01:00:36,590 - WARNING - Task Beluga_MCQ_000510: Failed to extract answer (Attempt 2/3).
2026-03-11 01:00:49,053 - WARNING - Task Beluga_MCQ_000510: Failed to extract answer (Attempt 3/3).
2026-03-11 01:01:10,178 - WARNING - Task Beluga_MCQ_000513: Failed to extract answer (Attempt 1/3).
2026-03-11 01:01:32,299 - WARNING - Task Beluga_MCQ_000514: Failed to extract answer (Attempt 1/3).
2026-03-11 01:01:44,805 - WARNING - Task Beluga_MCQ_000514: Failed to extract answer (Attempt 2/3).
2026-03-11 01:01:57,306 - WARNING - Task Beluga_MCQ_000514: Failed to extract answer (Attempt 3/3).
2026-03-11 01:02:09,683 - WARNING - Task Beluga_MCQ_000515: Failed to extract answer (Attempt 1/3).
2026-03-11 01:02:51,728 - WARNING - Task Beluga_MCQ_000521: Failed to extract answer (Attempt 1/3).
2026-03-11 01:04:00,396 - WARNING - Task Beluga_MCQ_000528: Failed to extract answer (Attempt 1/3).
2026-03-11 01:04:12,845 - WARNING - Task Beluga_MCQ_000528: Failed to extract answer (Attempt 2/3).
2026-03-11 01:04:25,316 - WARNING - Task Beluga_MCQ_000528: Failed to extract answer (Attempt 3/3).
2026-03-11 01:04:55,641 - WARNING - Task Beluga_MCQ_000531: Failed to extract answer (Attempt 1/3).
2026-03-11 01:05:15,908 - WARNING - Task Beluga_MCQ_000533: Failed to extract answer (Attempt 1/3).
2026-03-11 01:05:28,389 - WARNING - Task Beluga_MCQ_000533: Failed to extract answer (Attempt 2/3).
2026-03-11 01:05:40,842 - WARNING - Task Beluga_MCQ_000533: Failed to extract answer (Attempt 3/3).
2026-03-11 01:06:12,123 - WARNING - Task Beluga_MCQ_000538: Failed to extract answer (Attempt 1/3).
2026-03-11 01:06:25,085 - WARNING - Task Beluga_MCQ_000539: Failed to extract answer (Attempt 1/3).
2026-03-11 01:06:37,561 - WARNING - Task Beluga_MCQ_000539: Failed to extract answer (Attempt 2/3).
2026-03-11 01:06:50,019 - WARNING - Task Beluga_MCQ_000539: Failed to extract answer (Attempt 3/3).
2026-03-11 01:07:02,441 - WARNING - Task Beluga_MCQ_000540: Failed to extract answer (Attempt 1/3).
2026-03-11 01:07:14,933 - WARNING - Task Beluga_MCQ_000540: Failed to extract answer (Attempt 2/3).
2026-03-11 01:07:27,414 - WARNING - Task Beluga_MCQ_000540: Failed to extract answer (Attempt 3/3).
2026-03-11 01:07:44,390 - WARNING - Task Beluga_MCQ_000542: Failed to extract answer (Attempt 1/3).
2026-03-11 01:08:10,565 - WARNING - Task Beluga_MCQ_000544: Failed to extract answer (Attempt 1/3).
2026-03-11 01:08:43,959 - WARNING - Task Beluga_MCQ_000547: Failed to extract answer (Attempt 1/3).
2026-03-11 01:08:56,428 - WARNING - Task Beluga_MCQ_000547: Failed to extract answer (Attempt 2/3).
2026-03-11 01:09:08,968 - WARNING - Task Beluga_MCQ_000547: Failed to extract answer (Attempt 3/3).
2026-03-11 01:09:21,368 - WARNING - Task Beluga_MCQ_000548: Failed to extract answer (Attempt 1/3).
2026-03-11 01:09:33,810 - WARNING - Task Beluga_MCQ_000548: Failed to extract answer (Attempt 2/3).
2026-03-11 01:09:46,297 - WARNING - Task Beluga_MCQ_000548: Failed to extract answer (Attempt 3/3).
2026-03-11 01:09:58,721 - WARNING - Task Beluga_MCQ_000549: Failed to extract answer (Attempt 1/3).
2026-03-11 01:10:25,054 - WARNING - Task Beluga_MCQ_000551: Failed to extract answer (Attempt 1/3).
2026-03-11 01:11:03,473 - WARNING - Task Beluga_MCQ_000554: Failed to extract answer (Attempt 1/3).
2026-03-11 01:11:28,549 - WARNING - Task Beluga_MCQ_000556: Failed to extract answer (Attempt 1/3).
2026-03-11 01:11:41,022 - WARNING - Task Beluga_MCQ_000556: Failed to extract answer (Attempt 2/3).
2026-03-11 01:11:53,512 - WARNING - Task Beluga_MCQ_000556: Failed to extract answer (Attempt 3/3).
2026-03-11 01:12:19,302 - WARNING - Task Beluga_MCQ_000560: Failed to extract answer (Attempt 1/3).
2026-03-11 01:12:31,777 - WARNING - Task Beluga_MCQ_000560: Failed to extract answer (Attempt 2/3).
2026-03-11 01:12:44,250 - WARNING - Task Beluga_MCQ_000560: Failed to extract answer (Attempt 3/3).
2026-03-11 01:13:06,067 - WARNING - Task Beluga_MCQ_000563: Failed to extract answer (Attempt 1/3).
2026-03-11 01:13:27,803 - WARNING - Task Beluga_MCQ_000564: Failed to extract answer (Attempt 1/3).
2026-03-11 01:13:40,285 - WARNING - Task Beluga_MCQ_000564: Failed to extract answer (Attempt 2/3).
2026-03-11 01:13:52,713 - WARNING - Task Beluga_MCQ_000564: Failed to extract answer (Attempt 3/3).
2026-03-11 01:14:28,397 - WARNING - Task Beluga_MCQ_000568: Failed to extract answer (Attempt 1/3).
2026-03-11 01:14:51,309 - WARNING - Task Beluga_MCQ_000569: Failed to extract answer (Attempt 1/3).
2026-03-11 01:15:03,769 - WARNING - Task Beluga_MCQ_000569: Failed to extract answer (Attempt 2/3).
2026-03-11 01:15:16,252 - WARNING - Task Beluga_MCQ_000569: Failed to extract answer (Attempt 3/3).
2026-03-11 01:15:32,361 - WARNING - Task Beluga_MCQ_000571: Failed to extract answer (Attempt 1/3).
2026-03-11 01:15:44,819 - WARNING - Task Beluga_MCQ_000571: Failed to extract answer (Attempt 2/3).
2026-03-11 01:15:57,309 - WARNING - Task Beluga_MCQ_000571: Failed to extract answer (Attempt 3/3).
2026-03-11 01:16:34,288 - WARNING - Task Beluga_MCQ_000577: Failed to extract answer (Attempt 1/3).
2026-03-11 01:16:46,721 - WARNING - Task Beluga_MCQ_000577: Failed to extract answer (Attempt 2/3).
2026-03-11 01:16:59,179 - WARNING - Task Beluga_MCQ_000577: Failed to extract answer (Attempt 3/3).
2026-03-11 01:17:29,584 - WARNING - Task Beluga_MCQ_000581: Failed to extract answer (Attempt 1/3).
2026-03-11 01:17:59,063 - WARNING - Task Beluga_MCQ_000584: Failed to extract answer (Attempt 1/3).
2026-03-11 01:18:11,676 - WARNING - Task Beluga_MCQ_000584: Failed to extract answer (Attempt 2/3).
2026-03-11 01:18:24,218 - WARNING - Task Beluga_MCQ_000584: Failed to extract answer (Attempt 3/3).
2026-03-11 01:18:37,418 - WARNING - Task Beluga_MCQ_000586: Failed to extract answer (Attempt 1/3).
2026-03-11 01:18:50,673 - WARNING - Task Beluga_MCQ_000587: Failed to extract answer (Attempt 1/3).
2026-03-11 01:19:10,252 - WARNING - Task Beluga_MCQ_000588: Failed to extract answer (Attempt 1/3).
2026-03-11 01:19:22,716 - WARNING - Task Beluga_MCQ_000588: Failed to extract answer (Attempt 2/3).
2026-03-11 01:19:35,165 - WARNING - Task Beluga_MCQ_000588: Failed to extract answer (Attempt 3/3).
2026-03-11 01:19:47,561 - WARNING - Task Beluga_MCQ_000589: Failed to extract answer (Attempt 1/3).
2026-03-11 01:20:04,519 - WARNING - Task Beluga_MCQ_000590: Failed to extract answer (Attempt 1/3).
2026-03-11 01:20:16,974 - WARNING - Task Beluga_MCQ_000590: Failed to extract answer (Attempt 2/3).
2026-03-11 01:20:29,448 - WARNING - Task Beluga_MCQ_000590: Failed to extract answer (Attempt 3/3).
2026-03-11 01:20:46,188 - WARNING - Task Beluga_MCQ_000592: Failed to extract answer (Attempt 1/3).
2026-03-11 01:20:58,637 - WARNING - Task Beluga_MCQ_000592: Failed to extract answer (Attempt 2/3).
2026-03-11 01:21:11,109 - WARNING - Task Beluga_MCQ_000592: Failed to extract answer (Attempt 3/3).
2026-03-11 01:21:29,725 - WARNING - Task Beluga_MCQ_000594: Failed to extract answer (Attempt 1/3).
2026-03-11 01:21:42,188 - WARNING - Task Beluga_MCQ_000594: Failed to extract answer (Attempt 2/3).
2026-03-11 01:21:54,692 - WARNING - Task Beluga_MCQ_000594: Failed to extract answer (Attempt 3/3).
2026-03-11 01:22:07,843 - WARNING - Task Beluga_MCQ_000596: Failed to extract answer (Attempt 1/3).
2026-03-11 01:22:32,501 - WARNING - Task Beluga_MCQ_000598: Failed to extract answer (Attempt 1/3).
2026-03-11 01:23:10,505 - WARNING - Task Beluga_MCQ_000602: Failed to extract answer (Attempt 1/3).
2026-03-11 01:23:48,799 - WARNING - Task Beluga_MCQ_000608: Failed to extract answer (Attempt 1/3).
2026-03-11 01:24:01,256 - WARNING - Task Beluga_MCQ_000608: Failed to extract answer (Attempt 2/3).
2026-03-11 01:24:13,761 - WARNING - Task Beluga_MCQ_000608: Failed to extract answer (Attempt 3/3).
2026-03-11 01:24:27,137 - WARNING - Task Beluga_MCQ_000610: Failed to extract answer (Attempt 1/3).
2026-03-11 01:25:01,255 - WARNING - Task Beluga_MCQ_000613: Failed to extract answer (Attempt 1/3).
2026-03-11 01:25:13,772 - WARNING - Task Beluga_MCQ_000613: Failed to extract answer (Attempt 2/3).
2026-03-11 01:25:26,288 - WARNING - Task Beluga_MCQ_000613: Failed to extract answer (Attempt 3/3).
2026-03-11 01:25:38,737 - WARNING - Task Beluga_MCQ_000614: Failed to extract answer (Attempt 1/3).
2026-03-11 01:25:51,190 - WARNING - Task Beluga_MCQ_000614: Failed to extract answer (Attempt 2/3).
2026-03-11 01:26:03,656 - WARNING - Task Beluga_MCQ_000614: Failed to extract answer (Attempt 3/3).
2026-03-11 01:26:15,993 - WARNING - Task Beluga_MCQ_000615: Failed to extract answer (Attempt 1/3).
2026-03-11 01:26:28,480 - WARNING - Task Beluga_MCQ_000615: Failed to extract answer (Attempt 2/3).
2026-03-11 01:26:40,970 - WARNING - Task Beluga_MCQ_000615: Failed to extract answer (Attempt 3/3).
2026-03-11 01:27:03,471 - WARNING - Task Beluga_MCQ_000618: Failed to extract answer (Attempt 1/3).
2026-03-11 01:27:15,946 - WARNING - Task Beluga_MCQ_000618: Failed to extract answer (Attempt 2/3).
2026-03-11 01:27:28,402 - WARNING - Task Beluga_MCQ_000618: Failed to extract answer (Attempt 3/3).
2026-03-11 01:28:09,278 - WARNING - Task Beluga_MCQ_000625: Failed to extract answer (Attempt 1/3).
2026-03-11 01:28:44,263 - WARNING - Task Beluga_MCQ_000630: Failed to extract answer (Attempt 1/3).
2026-03-11 01:29:18,108 - WARNING - Task Beluga_MCQ_000632: Failed to extract answer (Attempt 1/3).
2026-03-11 01:29:30,575 - WARNING - Task Beluga_MCQ_000632: Failed to extract answer (Attempt 2/3).
2026-03-11 01:29:43,065 - WARNING - Task Beluga_MCQ_000632: Failed to extract answer (Attempt 3/3).
2026-03-11 01:30:26,703 - WARNING - Task Beluga_MCQ_000637: Failed to extract answer (Attempt 1/3).
2026-03-11 01:31:02,516 - WARNING - Task Beluga_MCQ_000640: Failed to extract answer (Attempt 1/3).
2026-03-11 01:31:15,002 - WARNING - Task Beluga_MCQ_000640: Failed to extract answer (Attempt 2/3).
2026-03-11 01:31:27,477 - WARNING - Task Beluga_MCQ_000640: Failed to extract answer (Attempt 3/3).
2026-03-11 01:32:12,853 - WARNING - Task Beluga_MCQ_000646: Failed to extract answer (Attempt 1/3).
2026-03-11 01:32:25,383 - WARNING - Task Beluga_MCQ_000646: Failed to extract answer (Attempt 2/3).
2026-03-11 01:32:38,043 - WARNING - Task Beluga_MCQ_000646: Failed to extract answer (Attempt 3/3).
2026-03-11 01:33:19,306 - WARNING - Task Beluga_MCQ_000651: Failed to extract answer (Attempt 1/3).
2026-03-11 01:33:31,774 - WARNING - Task Beluga_MCQ_000651: Failed to extract answer (Attempt 2/3).
2026-03-11 01:33:44,249 - WARNING - Task Beluga_MCQ_000651: Failed to extract answer (Attempt 3/3).
2026-03-11 01:34:07,615 - WARNING - Task Beluga_MCQ_000653: Failed to extract answer (Attempt 1/3).
2026-03-11 01:34:20,102 - WARNING - Task Beluga_MCQ_000653: Failed to extract answer (Attempt 2/3).
2026-03-11 01:34:32,603 - WARNING - Task Beluga_MCQ_000653: Failed to extract answer (Attempt 3/3).
2026-03-11 01:35:09,794 - WARNING - Task Beluga_MCQ_000659: Failed to extract answer (Attempt 1/3).
2026-03-11 01:35:22,298 - WARNING - Task Beluga_MCQ_000659: Failed to extract answer (Attempt 2/3).
2026-03-11 01:35:34,837 - WARNING - Task Beluga_MCQ_000659: Failed to extract answer (Attempt 3/3).
2026-03-11 01:36:03,403 - WARNING - Task Beluga_MCQ_000663: Failed to extract answer (Attempt 1/3).
2026-03-11 01:36:26,959 - WARNING - Task Beluga_MCQ_000664: Failed to extract answer (Attempt 1/3).
2026-03-11 01:36:39,435 - WARNING - Task Beluga_MCQ_000664: Failed to extract answer (Attempt 2/3).
2026-03-11 01:36:51,918 - WARNING - Task Beluga_MCQ_000664: Failed to extract answer (Attempt 3/3).
2026-03-11 01:37:04,310 - WARNING - Task Beluga_MCQ_000665: Failed to extract answer (Attempt 1/3).
2026-03-11 01:37:16,760 - WARNING - Task Beluga_MCQ_000665: Failed to extract answer (Attempt 2/3).
2026-03-11 01:37:29,239 - WARNING - Task Beluga_MCQ_000665: Failed to extract answer (Attempt 3/3).
2026-03-11 01:37:48,403 - WARNING - Task Beluga_MCQ_000668: Failed to extract answer (Attempt 1/3).
2026-03-11 01:38:29,153 - WARNING - Task Beluga_MCQ_000672: Failed to extract answer (Attempt 1/3).
2026-03-11 01:38:52,122 - WARNING - Task Beluga_MCQ_000675: Failed to extract answer (Attempt 1/3).
2026-03-11 01:39:14,118 - WARNING - Task Beluga_MCQ_000676: Failed to extract answer (Attempt 1/3).
2026-03-11 01:39:41,349 - WARNING - Task Beluga_MCQ_000678: Failed to extract answer (Attempt 1/3).
2026-03-11 01:40:08,713 - WARNING - Task Beluga_MCQ_000680: Failed to extract answer (Attempt 1/3).
2026-03-11 01:40:30,988 - WARNING - Task Beluga_MCQ_000681: Failed to extract answer (Attempt 1/3).
2026-03-11 01:40:48,948 - WARNING - Task Beluga_MCQ_000682: Failed to extract answer (Attempt 1/3).
2026-03-11 01:41:01,394 - WARNING - Task Beluga_MCQ_000682: Failed to extract answer (Attempt 2/3).
2026-03-11 01:41:13,863 - WARNING - Task Beluga_MCQ_000682: Failed to extract answer (Attempt 3/3).
2026-03-11 01:41:28,883 - WARNING - Task Beluga_MCQ_000686: Failed to extract answer (Attempt 1/3).
2026-03-11 01:43:27,494 - WARNING - Task Beluga_MCQ_000701: Failed to extract answer (Attempt 1/3).
2026-03-11 01:43:39,967 - WARNING - Task Beluga_MCQ_000701: Failed to extract answer (Attempt 2/3).
2026-03-11 01:43:52,393 - WARNING - Task Beluga_MCQ_000701: Failed to extract answer (Attempt 3/3).
2026-03-11 01:44:07,750 - WARNING - Task Beluga_MCQ_000703: Failed to extract answer (Attempt 1/3).
2026-03-11 01:44:20,247 - WARNING - Task Beluga_MCQ_000703: Failed to extract answer (Attempt 2/3).
2026-03-11 01:44:32,688 - WARNING - Task Beluga_MCQ_000703: Failed to extract answer (Attempt 3/3).
2026-03-11 01:44:45,053 - WARNING - Task Beluga_MCQ_000704: Failed to extract answer (Attempt 1/3).
2026-03-11 01:44:57,502 - WARNING - Task Beluga_MCQ_000704: Failed to extract answer (Attempt 2/3).
2026-03-11 01:45:09,944 - WARNING - Task Beluga_MCQ_000704: Failed to extract answer (Attempt 3/3).
2026-03-11 01:45:22,349 - WARNING - Task Beluga_MCQ_000705: Failed to extract answer (Attempt 1/3).
2026-03-11 01:45:34,869 - WARNING - Task Beluga_MCQ_000705: Failed to extract answer (Attempt 2/3).
2026-03-11 01:45:47,397 - WARNING - Task Beluga_MCQ_000705: Failed to extract answer (Attempt 3/3).
2026-03-11 01:45:59,871 - WARNING - Task Beluga_MCQ_000706: Failed to extract answer (Attempt 1/3).
2026-03-11 01:46:25,497 - WARNING - Task Beluga_MCQ_000708: Failed to extract answer (Attempt 1/3).
2026-03-11 01:46:38,002 - WARNING - Task Beluga_MCQ_000708: Failed to extract answer (Attempt 2/3).
2026-03-11 01:46:50,648 - WARNING - Task Beluga_MCQ_000708: Failed to extract answer (Attempt 3/3).
2026-03-11 01:47:03,152 - WARNING - Task Beluga_MCQ_000709: Failed to extract answer (Attempt 1/3).
2026-03-11 01:47:34,904 - WARNING - Task Beluga_MCQ_000712: Failed to extract answer (Attempt 1/3).
2026-03-11 01:47:49,563 - WARNING - Task Beluga_MCQ_000713: Failed to extract answer (Attempt 1/3).
2026-03-11 01:48:02,026 - WARNING - Task Beluga_MCQ_000713: Failed to extract answer (Attempt 2/3).
2026-03-11 01:48:14,471 - WARNING - Task Beluga_MCQ_000713: Failed to extract answer (Attempt 3/3).
2026-03-11 01:48:26,848 - WARNING - Task Beluga_MCQ_000714: Failed to extract answer (Attempt 1/3).
2026-03-11 01:48:48,208 - WARNING - Task Beluga_MCQ_000715: Failed to extract answer (Attempt 1/3).
2026-03-11 01:49:00,709 - WARNING - Task Beluga_MCQ_000715: Failed to extract answer (Attempt 2/3).
2026-03-11 01:49:13,210 - WARNING - Task Beluga_MCQ_000715: Failed to extract answer (Attempt 3/3).
2026-03-11 01:49:36,015 - WARNING - Task Beluga_MCQ_000720: Failed to extract answer (Attempt 1/3).
2026-03-11 01:49:48,433 - WARNING - Task Beluga_MCQ_000720: Failed to extract answer (Attempt 2/3).
2026-03-11 01:50:00,878 - WARNING - Task Beluga_MCQ_000720: Failed to extract answer (Attempt 3/3).
2026-03-11 01:50:13,293 - WARNING - Task Beluga_MCQ_000721: Failed to extract answer (Attempt 1/3).
2026-03-11 01:50:34,272 - WARNING - Task Beluga_MCQ_000722: Failed to extract answer (Attempt 1/3).
2026-03-11 01:50:57,259 - WARNING - Task Beluga_MCQ_000724: Failed to extract answer (Attempt 1/3).
2026-03-11 01:51:11,656 - WARNING - Task Beluga_MCQ_000725: Failed to extract answer (Attempt 1/3).
2026-03-11 01:51:40,662 - WARNING - Task Beluga_MCQ_000728: Failed to extract answer (Attempt 1/3).
2026-03-11 01:51:53,069 - WARNING - Task Beluga_MCQ_000728: Failed to extract answer (Attempt 2/3).
2026-03-11 01:52:05,477 - WARNING - Task Beluga_MCQ_000728: Failed to extract answer (Attempt 3/3).
2026-03-11 01:52:18,065 - WARNING - Task Beluga_MCQ_000729: Failed to extract answer (Attempt 1/3).
2026-03-11 01:52:30,628 - WARNING - Task Beluga_MCQ_000729: Failed to extract answer (Attempt 2/3).
2026-03-11 01:52:43,119 - WARNING - Task Beluga_MCQ_000729: Failed to extract answer (Attempt 3/3).
2026-03-11 01:53:09,474 - WARNING - Task Beluga_MCQ_000734: Failed to extract answer (Attempt 1/3).
2026-03-11 01:53:21,938 - WARNING - Task Beluga_MCQ_000734: Failed to extract answer (Attempt 2/3).
2026-03-11 01:53:34,388 - WARNING - Task Beluga_MCQ_000734: Failed to extract answer (Attempt 3/3).
2026-03-11 01:53:46,735 - WARNING - Task Beluga_MCQ_000735: Failed to extract answer (Attempt 1/3).
2026-03-11 01:54:07,912 - WARNING - Task Beluga_MCQ_000736: Failed to extract answer (Attempt 1/3).
2026-03-11 01:54:20,432 - WARNING - Task Beluga_MCQ_000736: Failed to extract answer (Attempt 2/3).
2026-03-11 01:54:32,940 - WARNING - Task Beluga_MCQ_000736: Failed to extract answer (Attempt 3/3).
2026-03-11 01:54:56,131 - WARNING - Task Beluga_MCQ_000738: Failed to extract answer (Attempt 1/3).
2026-03-11 01:55:08,596 - WARNING - Task Beluga_MCQ_000738: Failed to extract answer (Attempt 2/3).
2026-03-11 01:55:21,071 - WARNING - Task Beluga_MCQ_000738: Failed to extract answer (Attempt 3/3).
2026-03-11 01:55:39,821 - WARNING - Task Beluga_MCQ_000741: Failed to extract answer (Attempt 1/3).
2026-03-11 01:55:52,268 - WARNING - Task Beluga_MCQ_000741: Failed to extract answer (Attempt 2/3).
2026-03-11 01:56:04,698 - WARNING - Task Beluga_MCQ_000741: Failed to extract answer (Attempt 3/3).
2026-03-11 01:56:53,103 - WARNING - Task Beluga_MCQ_000748: Failed to extract answer (Attempt 1/3).
2026-03-11 01:57:05,574 - WARNING - Task Beluga_MCQ_000748: Failed to extract answer (Attempt 2/3).
2026-03-11 01:57:18,074 - WARNING - Task Beluga_MCQ_000748: Failed to extract answer (Attempt 3/3).
2026-03-11 01:57:40,220 - WARNING - Task Beluga_MCQ_000750: Failed to extract answer (Attempt 1/3).
2026-03-11 01:57:55,189 - WARNING - Task Beluga_MCQ_000751: Failed to extract answer (Attempt 1/3).
2026-03-11 01:58:07,671 - WARNING - Task Beluga_MCQ_000751: Failed to extract answer (Attempt 2/3).
2026-03-11 01:58:20,159 - WARNING - Task Beluga_MCQ_000751: Failed to extract answer (Attempt 3/3).
2026-03-11 01:58:33,444 - WARNING - Task Beluga_MCQ_000753: Failed to extract answer (Attempt 1/3).
2026-03-11 01:58:45,924 - WARNING - Task Beluga_MCQ_000753: Failed to extract answer (Attempt 2/3).
2026-03-11 01:58:58,376 - WARNING - Task Beluga_MCQ_000753: Failed to extract answer (Attempt 3/3).
2026-03-11 01:59:19,445 - WARNING - Task Beluga_MCQ_000755: Failed to extract answer (Attempt 1/3).
2026-03-11 01:59:50,577 - WARNING - Task Beluga_MCQ_000759: Failed to extract answer (Attempt 1/3).
2026-03-11 02:00:03,073 - WARNING - Task Beluga_MCQ_000759: Failed to extract answer (Attempt 2/3).
2026-03-11 02:00:15,582 - WARNING - Task Beluga_MCQ_000759: Failed to extract answer (Attempt 3/3).
2026-03-11 02:00:42,551 - WARNING - Task Beluga_MCQ_000764: Failed to extract answer (Attempt 1/3).
2026-03-11 02:00:59,299 - WARNING - Task Beluga_MCQ_000765: Failed to extract answer (Attempt 1/3).
2026-03-11 02:01:11,923 - WARNING - Task Beluga_MCQ_000765: Failed to extract answer (Attempt 2/3).
2026-03-11 02:01:24,422 - WARNING - Task Beluga_MCQ_000765: Failed to extract answer (Attempt 3/3).
2026-03-11 02:02:14,756 - WARNING - Task Beluga_MCQ_000772: Failed to extract answer (Attempt 1/3).
2026-03-11 02:02:36,570 - WARNING - Task Beluga_MCQ_000773: Failed to extract answer (Attempt 1/3).
2026-03-11 02:02:49,013 - WARNING - Task Beluga_MCQ_000773: Failed to extract answer (Attempt 2/3).
2026-03-11 02:03:01,492 - WARNING - Task Beluga_MCQ_000773: Failed to extract answer (Attempt 3/3).
2026-03-11 02:03:13,878 - WARNING - Task Beluga_MCQ_000774: Failed to extract answer (Attempt 1/3).
2026-03-11 02:03:31,122 - WARNING - Task Beluga_MCQ_000775: Failed to extract answer (Attempt 1/3).
2026-03-11 02:03:43,602 - WARNING - Task Beluga_MCQ_000775: Failed to extract answer (Attempt 2/3).
2026-03-11 02:03:56,083 - WARNING - Task Beluga_MCQ_000775: Failed to extract answer (Attempt 3/3).
2026-03-11 02:04:08,419 - WARNING - Task Beluga_MCQ_000776: Failed to extract answer (Attempt 1/3).
2026-03-11 02:04:20,876 - WARNING - Task Beluga_MCQ_000776: Failed to extract answer (Attempt 2/3).
2026-03-11 02:04:33,363 - WARNING - Task Beluga_MCQ_000776: Failed to extract answer (Attempt 3/3).
2026-03-11 02:04:54,365 - WARNING - Task Beluga_MCQ_000779: Failed to extract answer (Attempt 1/3).
2026-03-11 02:05:26,405 - WARNING - Task Beluga_MCQ_000782: Failed to extract answer (Attempt 1/3).
2026-03-11 02:05:52,771 - WARNING - Task Beluga_MCQ_000785: Failed to extract answer (Attempt 1/3).
2026-03-11 02:06:05,206 - WARNING - Task Beluga_MCQ_000785: Failed to extract answer (Attempt 2/3).
2026-03-11 02:06:17,657 - WARNING - Task Beluga_MCQ_000785: Failed to extract answer (Attempt 3/3).
2026-03-11 02:06:49,490 - WARNING - Task Beluga_MCQ_000788: Failed to extract answer (Attempt 1/3).
2026-03-11 02:07:01,962 - WARNING - Task Beluga_MCQ_000788: Failed to extract answer (Attempt 2/3).
2026-03-11 02:07:14,470 - WARNING - Task Beluga_MCQ_000788: Failed to extract answer (Attempt 3/3).
2026-03-11 02:07:53,027 - WARNING - Task Beluga_MCQ_000793: Failed to extract answer (Attempt 1/3).
2026-03-11 02:08:05,479 - WARNING - Task Beluga_MCQ_000793: Failed to extract answer (Attempt 2/3).
2026-03-11 02:08:17,967 - WARNING - Task Beluga_MCQ_000793: Failed to extract answer (Attempt 3/3).
2026-03-11 02:08:49,188 - WARNING - Task Beluga_MCQ_000798: Failed to extract answer (Attempt 1/3).
2026-03-11 02:09:01,662 - WARNING - Task Beluga_MCQ_000798: Failed to extract answer (Attempt 2/3).
2026-03-11 02:09:14,126 - WARNING - Task Beluga_MCQ_000798: Failed to extract answer (Attempt 3/3).
2026-03-11 02:10:29,054 - WARNING - Task Beluga_MCQ_000808: Failed to extract answer (Attempt 1/3).
2026-03-11 02:10:41,533 - WARNING - Task Beluga_MCQ_000808: Failed to extract answer (Attempt 2/3).
2026-03-11 02:10:54,036 - WARNING - Task Beluga_MCQ_000808: Failed to extract answer (Attempt 3/3).
2026-03-11 02:11:06,431 - WARNING - Task Beluga_MCQ_000809: Failed to extract answer (Attempt 1/3).
2026-03-11 02:11:18,899 - WARNING - Task Beluga_MCQ_000809: Failed to extract answer (Attempt 2/3).
2026-03-11 02:11:31,372 - WARNING - Task Beluga_MCQ_000809: Failed to extract answer (Attempt 3/3).
2026-03-11 02:11:50,758 - WARNING - Task Beluga_MCQ_000811: Failed to extract answer (Attempt 1/3).
2026-03-11 02:12:03,247 - WARNING - Task Beluga_MCQ_000811: Failed to extract answer (Attempt 2/3).
2026-03-11 02:12:15,705 - WARNING - Task Beluga_MCQ_000811: Failed to extract answer (Attempt 3/3).
2026-03-11 02:12:49,173 - WARNING - Task Beluga_MCQ_000816: Failed to extract answer (Attempt 1/3).
2026-03-11 02:13:30,513 - WARNING - Task Beluga_MCQ_000822: Failed to extract answer (Attempt 1/3).
2026-03-11 02:13:43,004 - WARNING - Task Beluga_MCQ_000822: Failed to extract answer (Attempt 2/3).
2026-03-11 02:13:55,482 - WARNING - Task Beluga_MCQ_000822: Failed to extract answer (Attempt 3/3).
2026-03-11 02:14:07,874 - WARNING - Task Beluga_MCQ_000823: Failed to extract answer (Attempt 1/3).
2026-03-11 02:14:26,764 - WARNING - Task Beluga_MCQ_000824: Failed to extract answer (Attempt 1/3).
2026-03-11 02:14:39,294 - WARNING - Task Beluga_MCQ_000824: Failed to extract answer (Attempt 2/3).
2026-03-11 02:14:51,787 - WARNING - Task Beluga_MCQ_000824: Failed to extract answer (Attempt 3/3).
2026-03-11 02:15:37,491 - WARNING - Task Beluga_MCQ_000832: Failed to extract answer (Attempt 1/3).
2026-03-11 02:15:53,877 - WARNING - Task Beluga_MCQ_000833: Failed to extract answer (Attempt 1/3).
2026-03-11 02:16:06,381 - WARNING - Task Beluga_MCQ_000833: Failed to extract answer (Attempt 2/3).
2026-03-11 02:16:18,866 - WARNING - Task Beluga_MCQ_000833: Failed to extract answer (Attempt 3/3).
2026-03-11 02:16:54,404 - WARNING - Task Beluga_MCQ_000838: Failed to extract answer (Attempt 1/3).
2026-03-11 02:17:06,848 - WARNING - Task Beluga_MCQ_000838: Failed to extract answer (Attempt 2/3).
2026-03-11 02:17:19,328 - WARNING - Task Beluga_MCQ_000838: Failed to extract answer (Attempt 3/3).
2026-03-11 02:17:38,105 - WARNING - Task Beluga_MCQ_000840: Failed to extract answer (Attempt 1/3).
2026-03-11 02:17:50,604 - WARNING - Task Beluga_MCQ_000840: Failed to extract answer (Attempt 2/3).
2026-03-11 02:18:02,995 - WARNING - Task Beluga_MCQ_000840: Failed to extract answer (Attempt 3/3).
2026-03-11 02:18:27,720 - WARNING - Task Beluga_MCQ_000844: Failed to extract answer (Attempt 1/3).
2026-03-11 02:18:51,728 - WARNING - Task Beluga_MCQ_000846: Failed to extract answer (Attempt 1/3).
2026-03-11 02:19:04,182 - WARNING - Task Beluga_MCQ_000846: Failed to extract answer (Attempt 2/3).
2026-03-11 02:19:16,623 - WARNING - Task Beluga_MCQ_000846: Failed to extract answer (Attempt 3/3).
2026-03-11 02:19:28,946 - WARNING - Task Beluga_MCQ_000847: Failed to extract answer (Attempt 1/3).
2026-03-11 02:19:41,394 - WARNING - Task Beluga_MCQ_000847: Failed to extract answer (Attempt 2/3).
2026-03-11 02:19:53,877 - WARNING - Task Beluga_MCQ_000847: Failed to extract answer (Attempt 3/3).
2026-03-11 02:20:24,050 - WARNING - Task Beluga_MCQ_000853: Failed to extract answer (Attempt 1/3).
2026-03-11 02:20:44,882 - WARNING - Task Beluga_MCQ_000854: Failed to extract answer (Attempt 1/3).
2026-03-11 02:21:08,291 - WARNING - Task Beluga_MCQ_000856: Failed to extract answer (Attempt 1/3).
2026-03-11 02:21:38,307 - WARNING - Task Beluga_MCQ_000859: Failed to extract answer (Attempt 1/3).
2026-03-11 02:21:50,825 - WARNING - Task Beluga_MCQ_000859: Failed to extract answer (Attempt 2/3).
2026-03-11 02:22:03,319 - WARNING - Task Beluga_MCQ_000859: Failed to extract answer (Attempt 3/3).
2026-03-11 02:22:15,726 - WARNING - Task Beluga_MCQ_000860: Failed to extract answer (Attempt 1/3).
2026-03-11 02:22:47,737 - WARNING - Task Beluga_MCQ_000863: Failed to extract answer (Attempt 1/3).
2026-03-11 02:23:06,720 - WARNING - Task Beluga_MCQ_000864: Failed to extract answer (Attempt 1/3).
2026-03-11 02:23:27,594 - WARNING - Task Beluga_MCQ_000865: Failed to extract answer (Attempt 1/3).
2026-03-11 02:23:44,536 - WARNING - Task Beluga_MCQ_000866: Failed to extract answer (Attempt 1/3).
2026-03-11 02:23:57,064 - WARNING - Task Beluga_MCQ_000866: Failed to extract answer (Attempt 2/3).
2026-03-11 02:24:09,555 - WARNING - Task Beluga_MCQ_000866: Failed to extract answer (Attempt 3/3).
2026-03-11 02:24:27,814 - WARNING - Task Beluga_MCQ_000869: Failed to extract answer (Attempt 1/3).
2026-03-11 02:24:40,312 - WARNING - Task Beluga_MCQ_000869: Failed to extract answer (Attempt 2/3).
2026-03-11 02:24:52,805 - WARNING - Task Beluga_MCQ_000869: Failed to extract answer (Attempt 3/3).
2026-03-11 02:25:32,975 - WARNING - Task Beluga_MCQ_000875: Failed to extract answer (Attempt 1/3).
2026-03-11 02:25:51,062 - WARNING - Task Beluga_MCQ_000876: Failed to extract answer (Attempt 1/3).
2026-03-11 02:26:44,523 - WARNING - Task Beluga_MCQ_000882: Failed to extract answer (Attempt 1/3).
2026-03-11 02:26:57,022 - WARNING - Task Beluga_MCQ_000882: Failed to extract answer (Attempt 2/3).
2026-03-11 02:27:09,483 - WARNING - Task Beluga_MCQ_000882: Failed to extract answer (Attempt 3/3).
2026-03-11 02:27:52,513 - WARNING - Task Beluga_MCQ_000889: Failed to extract answer (Attempt 1/3).
2026-03-11 02:28:04,978 - WARNING - Task Beluga_MCQ_000889: Failed to extract answer (Attempt 2/3).
2026-03-11 02:28:17,452 - WARNING - Task Beluga_MCQ_000889: Failed to extract answer (Attempt 3/3).
2026-03-11 02:28:29,842 - WARNING - Task Beluga_MCQ_000890: Failed to extract answer (Attempt 1/3).
2026-03-11 02:28:44,917 - WARNING - Task Beluga_MCQ_000891: Failed to extract answer (Attempt 1/3).
2026-03-11 02:29:05,552 - WARNING - Task Beluga_MCQ_000893: Failed to extract answer (Attempt 1/3).
2026-03-11 02:29:18,034 - WARNING - Task Beluga_MCQ_000893: Failed to extract answer (Attempt 2/3).
2026-03-11 02:29:30,524 - WARNING - Task Beluga_MCQ_000893: Failed to extract answer (Attempt 3/3).
2026-03-11 02:29:50,180 - WARNING - Task Beluga_MCQ_000897: Failed to extract answer (Attempt 1/3).
2026-03-11 02:30:02,764 - WARNING - Task Beluga_MCQ_000897: Failed to extract answer (Attempt 2/3).
2026-03-11 02:30:15,298 - WARNING - Task Beluga_MCQ_000897: Failed to extract answer (Attempt 3/3).
2026-03-11 02:30:42,971 - WARNING - Task Beluga_MCQ_000901: Failed to extract answer (Attempt 1/3).
2026-03-11 02:30:55,445 - WARNING - Task Beluga_MCQ_000901: Failed to extract answer (Attempt 2/3).
2026-03-11 02:31:07,912 - WARNING - Task Beluga_MCQ_000901: Failed to extract answer (Attempt 3/3).
2026-03-11 02:31:20,225 - WARNING - Task Beluga_MCQ_000902: Failed to extract answer (Attempt 1/3).
2026-03-11 02:31:40,245 - WARNING - Task Beluga_MCQ_000903: Failed to extract answer (Attempt 1/3).
2026-03-11 02:31:52,771 - WARNING - Task Beluga_MCQ_000903: Failed to extract answer (Attempt 2/3).
2026-03-11 02:32:05,263 - WARNING - Task Beluga_MCQ_000903: Failed to extract answer (Attempt 3/3).
2026-03-11 02:32:17,685 - WARNING - Task Beluga_MCQ_000904: Failed to extract answer (Attempt 1/3).
2026-03-11 02:32:30,143 - WARNING - Task Beluga_MCQ_000904: Failed to extract answer (Attempt 2/3).
2026-03-11 02:32:42,617 - WARNING - Task Beluga_MCQ_000904: Failed to extract answer (Attempt 3/3).
2026-03-11 02:32:55,022 - WARNING - Task Beluga_MCQ_000905: Failed to extract answer (Attempt 1/3).
2026-03-11 02:33:07,504 - WARNING - Task Beluga_MCQ_000905: Failed to extract answer (Attempt 2/3).
2026-03-11 02:33:20,001 - WARNING - Task Beluga_MCQ_000905: Failed to extract answer (Attempt 3/3).
2026-03-11 02:34:00,703 - WARNING - Task Beluga_MCQ_000909: Failed to extract answer (Attempt 1/3).
2026-03-11 02:34:28,492 - WARNING - Task Beluga_MCQ_000911: Failed to extract answer (Attempt 1/3).
2026-03-11 02:34:40,962 - WARNING - Task Beluga_MCQ_000911: Failed to extract answer (Attempt 2/3).
2026-03-11 02:34:53,476 - WARNING - Task Beluga_MCQ_000911: Failed to extract answer (Attempt 3/3).
2026-03-11 02:35:05,857 - WARNING - Task Beluga_MCQ_000912: Failed to extract answer (Attempt 1/3).
2026-03-11 02:35:18,297 - WARNING - Task Beluga_MCQ_000912: Failed to extract answer (Attempt 2/3).
2026-03-11 02:35:30,874 - WARNING - Task Beluga_MCQ_000912: Failed to extract answer (Attempt 3/3).
2026-03-11 02:35:50,009 - WARNING - Task Beluga_MCQ_000915: Failed to extract answer (Attempt 1/3).
2026-03-11 02:36:16,047 - WARNING - Task Beluga_MCQ_000919: Failed to extract answer (Attempt 1/3).
2026-03-11 02:36:28,540 - WARNING - Task Beluga_MCQ_000919: Failed to extract answer (Attempt 2/3).
2026-03-11 02:36:41,040 - WARNING - Task Beluga_MCQ_000919: Failed to extract answer (Attempt 3/3).
2026-03-11 02:36:53,458 - WARNING - Task Beluga_MCQ_000920: Failed to extract answer (Attempt 1/3).
2026-03-11 02:37:05,900 - WARNING - Task Beluga_MCQ_000920: Failed to extract answer (Attempt 2/3).
2026-03-11 02:37:18,389 - WARNING - Task Beluga_MCQ_000920: Failed to extract answer (Attempt 3/3).
2026-03-11 02:37:35,013 - WARNING - Task Beluga_MCQ_000923: Failed to extract answer (Attempt 1/3).
2026-03-11 02:37:47,501 - WARNING - Task Beluga_MCQ_000923: Failed to extract answer (Attempt 2/3).
2026-03-11 02:37:59,968 - WARNING - Task Beluga_MCQ_000923: Failed to extract answer (Attempt 3/3).
2026-03-11 02:38:14,950 - WARNING - Task Beluga_MCQ_000925: Failed to extract answer (Attempt 1/3).
2026-03-11 02:38:27,415 - WARNING - Task Beluga_MCQ_000925: Failed to extract answer (Attempt 2/3).
2026-03-11 02:38:39,916 - WARNING - Task Beluga_MCQ_000925: Failed to extract answer (Attempt 3/3).
2026-03-11 02:38:52,326 - WARNING - Task Beluga_MCQ_000926: Failed to extract answer (Attempt 1/3).
2026-03-11 02:39:04,787 - WARNING - Task Beluga_MCQ_000926: Failed to extract answer (Attempt 2/3).
2026-03-11 02:39:17,271 - WARNING - Task Beluga_MCQ_000926: Failed to extract answer (Attempt 3/3).
2026-03-11 02:40:17,599 - WARNING - Task Beluga_MCQ_000934: Failed to extract answer (Attempt 1/3).
2026-03-11 02:40:43,604 - WARNING - Task Beluga_MCQ_000936: Failed to extract answer (Attempt 1/3).
2026-03-11 02:41:31,473 - WARNING - Task Beluga_MCQ_000942: Failed to extract answer (Attempt 1/3).
2026-03-11 02:41:43,904 - WARNING - Task Beluga_MCQ_000942: Failed to extract answer (Attempt 2/3).
2026-03-11 02:41:56,373 - WARNING - Task Beluga_MCQ_000942: Failed to extract answer (Attempt 3/3).
2026-03-11 02:42:42,904 - WARNING - Task Beluga_MCQ_000949: Failed to extract answer (Attempt 1/3).
2026-03-11 02:42:55,382 - WARNING - Task Beluga_MCQ_000949: Failed to extract answer (Attempt 2/3).
2026-03-11 02:43:07,861 - WARNING - Task Beluga_MCQ_000949: Failed to extract answer (Attempt 3/3).
2026-03-11 02:43:20,230 - WARNING - Task Beluga_MCQ_000950: Failed to extract answer (Attempt 1/3).
2026-03-11 02:43:55,580 - WARNING - Task Beluga_MCQ_000954: Failed to extract answer (Attempt 1/3).
2026-03-11 02:44:16,818 - WARNING - Task Beluga_MCQ_000956: Failed to extract answer (Attempt 1/3).
2026-03-11 02:44:29,400 - WARNING - Task Beluga_MCQ_000956: Failed to extract answer (Attempt 2/3).
2026-03-11 02:44:41,850 - WARNING - Task Beluga_MCQ_000956: Failed to extract answer (Attempt 3/3).
2026-03-11 02:44:54,247 - WARNING - Task Beluga_MCQ_000957: Failed to extract answer (Attempt 1/3).
2026-03-11 02:45:06,755 - WARNING - Task Beluga_MCQ_000957: Failed to extract answer (Attempt 2/3).
2026-03-11 02:45:19,284 - WARNING - Task Beluga_MCQ_000957: Failed to extract answer (Attempt 3/3).
2026-03-11 02:45:32,468 - WARNING - Task Beluga_MCQ_000959: Failed to extract answer (Attempt 1/3).
2026-03-11 02:45:44,962 - WARNING - Task Beluga_MCQ_000959: Failed to extract answer (Attempt 2/3).
2026-03-11 02:45:57,438 - WARNING - Task Beluga_MCQ_000959: Failed to extract answer (Attempt 3/3).
2026-03-11 02:46:16,716 - WARNING - Task Beluga_MCQ_000961: Failed to extract answer (Attempt 1/3).
2026-03-11 02:46:45,796 - WARNING - Task Beluga_MCQ_000963: Failed to extract answer (Attempt 1/3).
2026-03-11 02:46:58,285 - WARNING - Task Beluga_MCQ_000963: Failed to extract answer (Attempt 2/3).
2026-03-11 02:47:10,777 - WARNING - Task Beluga_MCQ_000963: Failed to extract answer (Attempt 3/3).
2026-03-11 02:47:35,906 - WARNING - Task Beluga_MCQ_000966: Failed to extract answer (Attempt 1/3).
2026-03-11 02:47:48,358 - WARNING - Task Beluga_MCQ_000966: Failed to extract answer (Attempt 2/3).
2026-03-11 02:48:00,796 - WARNING - Task Beluga_MCQ_000966: Failed to extract answer (Attempt 3/3).
2026-03-11 02:48:24,757 - WARNING - Task Beluga_MCQ_000969: Failed to extract answer (Attempt 1/3).
2026-03-11 02:48:37,220 - WARNING - Task Beluga_MCQ_000969: Failed to extract answer (Attempt 2/3).
2026-03-11 02:48:49,714 - WARNING - Task Beluga_MCQ_000969: Failed to extract answer (Attempt 3/3).
2026-03-11 02:49:33,230 - WARNING - Task Beluga_MCQ_000976: Failed to extract answer (Attempt 1/3).
2026-03-11 02:49:59,842 - WARNING - Task Beluga_MCQ_000978: Failed to extract answer (Attempt 1/3).
2026-03-11 02:50:27,794 - WARNING - Task Beluga_MCQ_000980: Failed to extract answer (Attempt 1/3).
2026-03-11 02:50:40,304 - WARNING - Task Beluga_MCQ_000980: Failed to extract answer (Attempt 2/3).
2026-03-11 02:50:52,820 - WARNING - Task Beluga_MCQ_000980: Failed to extract answer (Attempt 3/3).
2026-03-11 02:51:05,166 - WARNING - Task Beluga_MCQ_000981: Failed to extract answer (Attempt 1/3).
2026-03-11 02:51:17,667 - WARNING - Task Beluga_MCQ_000981: Failed to extract answer (Attempt 2/3).
2026-03-11 02:51:30,175 - WARNING - Task Beluga_MCQ_000981: Failed to extract answer (Attempt 3/3).
2026-03-11 02:51:42,523 - WARNING - Task Beluga_MCQ_000982: Failed to extract answer (Attempt 1/3).
2026-03-11 02:51:55,043 - WARNING - Task Beluga_MCQ_000982: Failed to extract answer (Attempt 2/3).
2026-03-11 02:52:07,540 - WARNING - Task Beluga_MCQ_000982: Failed to extract answer (Attempt 3/3).
2026-03-11 02:52:24,405 - WARNING - Task Beluga_MCQ_000984: Failed to extract answer (Attempt 1/3).
2026-03-11 02:52:36,909 - WARNING - Task Beluga_MCQ_000984: Failed to extract answer (Attempt 2/3).
2026-03-11 02:52:49,383 - WARNING - Task Beluga_MCQ_000984: Failed to extract answer (Attempt 3/3).
2026-03-11 02:53:01,783 - WARNING - Task Beluga_MCQ_000985: Failed to extract answer (Attempt 1/3).
2026-03-11 02:53:14,267 - WARNING - Task Beluga_MCQ_000985: Failed to extract answer (Attempt 2/3).
2026-03-11 02:53:26,733 - WARNING - Task Beluga_MCQ_000985: Failed to extract answer (Attempt 3/3).
2026-03-11 02:53:39,154 - WARNING - Task Beluga_MCQ_000986: Failed to extract answer (Attempt 1/3).
2026-03-11 02:53:59,929 - WARNING - Task Beluga_MCQ_000987: Failed to extract answer (Attempt 1/3).
2026-03-11 02:54:12,382 - WARNING - Task Beluga_MCQ_000987: Failed to extract answer (Attempt 2/3).
2026-03-11 02:54:24,892 - WARNING - Task Beluga_MCQ_000987: Failed to extract answer (Attempt 3/3).
2026-03-11 02:54:51,871 - WARNING - Task Beluga_MCQ_000992: Failed to extract answer (Attempt 1/3).
2026-03-11 02:55:04,324 - WARNING - Task Beluga_MCQ_000992: Failed to extract answer (Attempt 2/3).
2026-03-11 02:55:16,746 - WARNING - Task Beluga_MCQ_000992: Failed to extract answer (Attempt 3/3).
2026-03-11 02:56:06,900 - WARNING - Task Beluga_MCQ_000998: Failed to extract answer (Attempt 1/3).
2026-03-11 02:56:31,005 - WARNING - Task Beluga_MCQ_001000: Failed to extract answer (Attempt 1/3).
2026-03-11 02:56:53,315 - WARNING - Task Beluga_MCQ_001001: Failed to extract answer (Attempt 1/3).
2026-03-11 02:57:15,900 - WARNING - Task Beluga_MCQ_001002: Failed to extract answer (Attempt 1/3).
2026-03-11 02:57:28,359 - WARNING - Task Beluga_MCQ_001002: Failed to extract answer (Attempt 2/3).
2026-03-11 02:57:40,835 - WARNING - Task Beluga_MCQ_001002: Failed to extract answer (Attempt 3/3).
2026-03-11 02:57:57,384 - WARNING - Task Beluga_MCQ_001005: Failed to extract answer (Attempt 1/3).
2026-03-11 02:58:09,893 - WARNING - Task Beluga_MCQ_001005: Failed to extract answer (Attempt 2/3).
2026-03-11 02:58:22,386 - WARNING - Task Beluga_MCQ_001005: Failed to extract answer (Attempt 3/3).
2026-03-11 02:58:37,352 - WARNING - Task Beluga_MCQ_001008: Failed to extract answer (Attempt 1/3).
2026-03-11 02:58:58,081 - WARNING - Task Beluga_MCQ_001009: Failed to extract answer (Attempt 1/3).
2026-03-11 02:59:25,646 - WARNING - Task Beluga_MCQ_001011: Failed to extract answer (Attempt 1/3).
2026-03-11 02:59:57,807 - WARNING - Task Beluga_MCQ_001014: Failed to extract answer (Attempt 1/3).
2026-03-11 03:00:10,316 - WARNING - Task Beluga_MCQ_001014: Failed to extract answer (Attempt 2/3).
2026-03-11 03:00:22,812 - WARNING - Task Beluga_MCQ_001014: Failed to extract answer (Attempt 3/3).
2026-03-11 03:00:35,214 - WARNING - Task Beluga_MCQ_001015: Failed to extract answer (Attempt 1/3).
2026-03-11 03:01:11,823 - WARNING - Task Beluga_MCQ_001020: Failed to extract answer (Attempt 1/3).
2026-03-11 03:01:57,307 - WARNING - Task Beluga_MCQ_001027: Failed to extract answer (Attempt 1/3).
2026-03-11 03:02:36,830 - WARNING - Task Beluga_MCQ_001033: Failed to extract answer (Attempt 1/3).
2026-03-11 03:02:49,311 - WARNING - Task Beluga_MCQ_001033: Failed to extract answer (Attempt 2/3).
2026-03-11 03:03:01,779 - WARNING - Task Beluga_MCQ_001033: Failed to extract answer (Attempt 3/3).
2026-03-11 03:03:55,173 - WARNING - Task Beluga_MCQ_001040: Failed to extract answer (Attempt 1/3).
2026-03-11 03:04:07,686 - WARNING - Task Beluga_MCQ_001040: Failed to extract answer (Attempt 2/3).
2026-03-11 03:04:20,164 - WARNING - Task Beluga_MCQ_001040: Failed to extract answer (Attempt 3/3).
2026-03-11 03:04:51,077 - WARNING - Task Beluga_MCQ_001044: Failed to extract answer (Attempt 1/3).
2026-03-11 03:05:03,526 - WARNING - Task Beluga_MCQ_001044: Failed to extract answer (Attempt 2/3).
2026-03-11 03:05:15,977 - WARNING - Task Beluga_MCQ_001044: Failed to extract answer (Attempt 3/3).
2026-03-11 03:05:31,524 - WARNING - Task Beluga_MCQ_001046: Failed to extract answer (Attempt 1/3).
2026-03-11 03:05:43,973 - WARNING - Task Beluga_MCQ_001046: Failed to extract answer (Attempt 2/3).
2026-03-11 03:05:56,406 - WARNING - Task Beluga_MCQ_001046: Failed to extract answer (Attempt 3/3).
2026-03-11 03:06:08,812 - WARNING - Task Beluga_MCQ_001047: Failed to extract answer (Attempt 1/3).
2026-03-11 03:06:31,166 - WARNING - Task Beluga_MCQ_001051: Failed to extract answer (Attempt 1/3).
2026-03-11 03:06:43,656 - WARNING - Task Beluga_MCQ_001051: Failed to extract answer (Attempt 2/3).
2026-03-11 03:06:56,108 - WARNING - Task Beluga_MCQ_001051: Failed to extract answer (Attempt 3/3).
2026-03-11 03:07:08,586 - WARNING - Task Beluga_MCQ_001052: Failed to extract answer (Attempt 1/3).
2026-03-11 03:07:28,560 - WARNING - Task Beluga_MCQ_001056: Failed to extract answer (Attempt 1/3).
2026-03-11 03:07:41,041 - WARNING - Task Beluga_MCQ_001056: Failed to extract answer (Attempt 2/3).
2026-03-11 03:07:53,523 - WARNING - Task Beluga_MCQ_001056: Failed to extract answer (Attempt 3/3).
2026-03-11 03:08:05,850 - WARNING - Task Beluga_MCQ_001057: Failed to extract answer (Attempt 1/3).
2026-03-11 03:09:08,433 - WARNING - Task Beluga_MCQ_001064: Failed to extract answer (Attempt 1/3).
2026-03-11 03:09:27,108 - WARNING - Task Beluga_MCQ_001065: Failed to extract answer (Attempt 1/3).
2026-03-11 03:09:39,546 - WARNING - Task Beluga_MCQ_001065: Failed to extract answer (Attempt 2/3).
2026-03-11 03:09:52,005 - WARNING - Task Beluga_MCQ_001065: Failed to extract answer (Attempt 3/3).
2026-03-11 03:10:04,423 - WARNING - Task Beluga_MCQ_001066: Failed to extract answer (Attempt 1/3).
2026-03-11 03:10:16,881 - WARNING - Task Beluga_MCQ_001066: Failed to extract answer (Attempt 2/3).
2026-03-11 03:10:29,363 - WARNING - Task Beluga_MCQ_001066: Failed to extract answer (Attempt 3/3).
2026-03-11 03:10:41,738 - WARNING - Task Beluga_MCQ_001067: Failed to extract answer (Attempt 1/3).
2026-03-11 03:10:54,228 - WARNING - Task Beluga_MCQ_001067: Failed to extract answer (Attempt 2/3).
2026-03-11 03:11:06,719 - WARNING - Task Beluga_MCQ_001067: Failed to extract answer (Attempt 3/3).
2026-03-11 03:11:19,120 - WARNING - Task Beluga_MCQ_001068: Failed to extract answer (Attempt 1/3).
2026-03-11 03:11:31,607 - WARNING - Task Beluga_MCQ_001068: Failed to extract answer (Attempt 2/3).
2026-03-11 03:11:44,115 - WARNING - Task Beluga_MCQ_001068: Failed to extract answer (Attempt 3/3).
2026-03-11 03:11:57,299 - WARNING - Task Beluga_MCQ_001070: Failed to extract answer (Attempt 1/3).
2026-03-11 03:12:09,823 - WARNING - Task Beluga_MCQ_001070: Failed to extract answer (Attempt 2/3).
2026-03-11 03:12:22,366 - WARNING - Task Beluga_MCQ_001070: Failed to extract answer (Attempt 3/3).
2026-03-11 03:12:47,712 - WARNING - Task Beluga_MCQ_001073: Failed to extract answer (Attempt 1/3).
2026-03-11 03:13:00,275 - WARNING - Task Beluga_MCQ_001073: Failed to extract answer (Attempt 2/3).
2026-03-11 03:13:12,777 - WARNING - Task Beluga_MCQ_001073: Failed to extract answer (Attempt 3/3).
2026-03-11 03:13:25,188 - WARNING - Task Beluga_MCQ_001074: Failed to extract answer (Attempt 1/3).
2026-03-11 03:13:37,673 - WARNING - Task Beluga_MCQ_001074: Failed to extract answer (Attempt 2/3).
2026-03-11 03:13:50,181 - WARNING - Task Beluga_MCQ_001074: Failed to extract answer (Attempt 3/3).
2026-03-11 03:14:19,143 - WARNING - Task Beluga_MCQ_001077: Failed to extract answer (Attempt 1/3).
2026-03-11 03:14:31,619 - WARNING - Task Beluga_MCQ_001077: Failed to extract answer (Attempt 2/3).
2026-03-11 03:14:44,150 - WARNING - Task Beluga_MCQ_001077: Failed to extract answer (Attempt 3/3).
2026-03-11 03:15:31,359 - WARNING - Task Beluga_MCQ_001087: Failed to extract answer (Attempt 1/3).
2026-03-11 03:15:53,863 - WARNING - Task Beluga_MCQ_001090: Failed to extract answer (Attempt 1/3).
2026-03-11 03:16:13,562 - WARNING - Task Beluga_MCQ_001091: Failed to extract answer (Attempt 1/3).
2026-03-11 03:16:26,056 - WARNING - Task Beluga_MCQ_001091: Failed to extract answer (Attempt 2/3).
2026-03-11 03:16:38,546 - WARNING - Task Beluga_MCQ_001091: Failed to extract answer (Attempt 3/3).
2026-03-11 03:16:51,715 - WARNING - Task Beluga_MCQ_001093: Failed to extract answer (Attempt 1/3).
2026-03-11 03:17:20,744 - WARNING - Task Beluga_MCQ_001096: Failed to extract answer (Attempt 1/3).
2026-03-11 03:17:33,216 - WARNING - Task Beluga_MCQ_001096: Failed to extract answer (Attempt 2/3).
2026-03-11 03:17:45,682 - WARNING - Task Beluga_MCQ_001096: Failed to extract answer (Attempt 3/3).
2026-03-11 03:18:18,351 - WARNING - Task Beluga_MCQ_001100: Failed to extract answer (Attempt 1/3).
2026-03-11 03:18:36,781 - WARNING - Task Beluga_MCQ_001101: Failed to extract answer (Attempt 1/3).
2026-03-11 03:18:57,094 - WARNING - Task Beluga_MCQ_001102: Failed to extract answer (Attempt 1/3).
2026-03-11 03:19:21,022 - WARNING - Task Beluga_MCQ_001103: Failed to extract answer (Attempt 1/3).
2026-03-11 03:19:33,491 - WARNING - Task Beluga_MCQ_001103: Failed to extract answer (Attempt 2/3).
2026-03-11 03:19:46,019 - WARNING - Task Beluga_MCQ_001103: Failed to extract answer (Attempt 3/3).
2026-03-11 03:19:58,435 - WARNING - Task Beluga_MCQ_001104: Failed to extract answer (Attempt 1/3).
2026-03-11 03:20:10,916 - WARNING - Task Beluga_MCQ_001104: Failed to extract answer (Attempt 2/3).
2026-03-11 03:20:23,384 - WARNING - Task Beluga_MCQ_001104: Failed to extract answer (Attempt 3/3).
2026-03-11 03:20:35,801 - WARNING - Task Beluga_MCQ_001105: Failed to extract answer (Attempt 1/3).
2026-03-11 03:20:48,306 - WARNING - Task Beluga_MCQ_001105: Failed to extract answer (Attempt 2/3).
2026-03-11 03:21:00,774 - WARNING - Task Beluga_MCQ_001105: Failed to extract answer (Attempt 3/3).
2026-03-11 03:21:13,193 - WARNING - Task Beluga_MCQ_001106: Failed to extract answer (Attempt 1/3).
2026-03-11 03:21:33,368 - WARNING - Task Beluga_MCQ_001107: Failed to extract answer (Attempt 1/3).
2026-03-11 03:22:21,887 - WARNING - Task Beluga_MCQ_001114: Failed to extract answer (Attempt 1/3).
2026-03-11 03:22:34,331 - WARNING - Task Beluga_MCQ_001114: Failed to extract answer (Attempt 2/3).
2026-03-11 03:22:46,799 - WARNING - Task Beluga_MCQ_001114: Failed to extract answer (Attempt 3/3).
2026-03-11 03:22:59,147 - WARNING - Task Beluga_MCQ_001115: Failed to extract answer (Attempt 1/3).
2026-03-11 03:23:24,143 - WARNING - Task Beluga_MCQ_001117: Failed to extract answer (Attempt 1/3).
2026-03-11 03:23:42,902 - WARNING - Task Beluga_MCQ_001118: Failed to extract answer (Attempt 1/3).
2026-03-11 03:23:55,382 - WARNING - Task Beluga_MCQ_001118: Failed to extract answer (Attempt 2/3).
2026-03-11 03:24:07,852 - WARNING - Task Beluga_MCQ_001118: Failed to extract answer (Attempt 3/3).
2026-03-11 03:24:20,291 - WARNING - Task Beluga_MCQ_001119: Failed to extract answer (Attempt 1/3).
2026-03-11 03:24:32,749 - WARNING - Task Beluga_MCQ_001119: Failed to extract answer (Attempt 2/3).
2026-03-11 03:24:45,217 - WARNING - Task Beluga_MCQ_001119: Failed to extract answer (Attempt 3/3).
2026-03-11 03:25:03,661 - WARNING - Task Beluga_MCQ_001121: Failed to extract answer (Attempt 1/3).
2026-03-11 03:25:16,096 - WARNING - Task Beluga_MCQ_001121: Failed to extract answer (Attempt 2/3).
2026-03-11 03:25:28,568 - WARNING - Task Beluga_MCQ_001121: Failed to extract answer (Attempt 3/3).
2026-03-11 03:25:57,104 - WARNING - Task Beluga_MCQ_001127: Failed to extract answer (Attempt 1/3).
2026-03-11 03:26:09,656 - WARNING - Task Beluga_MCQ_001127: Failed to extract answer (Attempt 2/3).
2026-03-11 03:26:22,123 - WARNING - Task Beluga_MCQ_001127: Failed to extract answer (Attempt 3/3).
2026-03-11 03:26:42,888 - WARNING - Task Beluga_MCQ_001131: Failed to extract answer (Attempt 1/3).
2026-03-11 03:26:55,452 - WARNING - Task Beluga_MCQ_001131: Failed to extract answer (Attempt 2/3).
2026-03-11 03:27:08,003 - WARNING - Task Beluga_MCQ_001131: Failed to extract answer (Attempt 3/3).
2026-03-11 03:27:20,444 - WARNING - Task Beluga_MCQ_001132: Failed to extract answer (Attempt 1/3).
2026-03-11 03:28:06,173 - WARNING - Task Beluga_MCQ_001138: Failed to extract answer (Attempt 1/3).
2026-03-11 03:28:33,392 - WARNING - Task Beluga_MCQ_001140: Failed to extract answer (Attempt 1/3).
2026-03-11 03:29:02,686 - WARNING - Task Beluga_MCQ_001143: Failed to extract answer (Attempt 1/3).
2026-03-11 03:29:35,701 - WARNING - Task Beluga_MCQ_001147: Failed to extract answer (Attempt 1/3).
2026-03-11 03:29:48,150 - WARNING - Task Beluga_MCQ_001147: Failed to extract answer (Attempt 2/3).
2026-03-11 03:30:00,608 - WARNING - Task Beluga_MCQ_001147: Failed to extract answer (Attempt 3/3).
2026-03-11 03:30:21,578 - WARNING - Task Beluga_MCQ_001149: Failed to extract answer (Attempt 1/3).
2026-03-11 03:31:24,546 - WARNING - Task Beluga_MCQ_001160: Failed to extract answer (Attempt 1/3).
2026-03-11 03:31:40,868 - WARNING - Task Beluga_MCQ_001161: Failed to extract answer (Attempt 1/3).
2026-03-11 03:31:53,324 - WARNING - Task Beluga_MCQ_001161: Failed to extract answer (Attempt 2/3).
2026-03-11 03:32:05,775 - WARNING - Task Beluga_MCQ_001161: Failed to extract answer (Attempt 3/3).
2026-03-11 03:32:26,642 - WARNING - Task Beluga_MCQ_001164: Failed to extract answer (Attempt 1/3).
2026-03-11 03:32:39,095 - WARNING - Task Beluga_MCQ_001164: Failed to extract answer (Attempt 2/3).
2026-03-11 03:32:51,542 - WARNING - Task Beluga_MCQ_001164: Failed to extract answer (Attempt 3/3).
2026-03-11 03:33:04,811 - WARNING - Task Beluga_MCQ_001166: Failed to extract answer (Attempt 1/3).
2026-03-11 03:33:55,354 - WARNING - Task Beluga_MCQ_001170: Failed to extract answer (Attempt 1/3).
2026-03-11 03:34:07,804 - WARNING - Task Beluga_MCQ_001170: Failed to extract answer (Attempt 2/3).
2026-03-11 03:34:20,283 - WARNING - Task Beluga_MCQ_001170: Failed to extract answer (Attempt 3/3).
2026-03-11 03:34:41,054 - WARNING - Task Beluga_MCQ_001172: Failed to extract answer (Attempt 1/3).
2026-03-11 03:35:02,205 - WARNING - Task Beluga_MCQ_001174: Failed to extract answer (Attempt 1/3).
2026-03-11 03:35:14,668 - WARNING - Task Beluga_MCQ_001174: Failed to extract answer (Attempt 2/3).
2026-03-11 03:35:27,118 - WARNING - Task Beluga_MCQ_001174: Failed to extract answer (Attempt 3/3).
2026-03-11 03:35:43,709 - WARNING - Task Beluga_MCQ_001177: Failed to extract answer (Attempt 1/3).
2026-03-11 03:36:08,521 - WARNING - Task Beluga_MCQ_001179: Failed to extract answer (Attempt 1/3).
2026-03-11 03:36:20,947 - WARNING - Task Beluga_MCQ_001179: Failed to extract answer (Attempt 2/3).
2026-03-11 03:36:33,395 - WARNING - Task Beluga_MCQ_001179: Failed to extract answer (Attempt 3/3).
2026-03-11 03:36:49,104 - WARNING - Task Beluga_MCQ_001181: Failed to extract answer (Attempt 1/3).
2026-03-11 03:37:06,178 - WARNING - Task Beluga_MCQ_001182: Failed to extract answer (Attempt 1/3).
2026-03-11 03:37:24,624 - WARNING - Task Beluga_MCQ_001183: Failed to extract answer (Attempt 1/3).
2026-03-11 03:37:47,451 - WARNING - Task Beluga_MCQ_001184: Failed to extract answer (Attempt 1/3).
2026-03-11 03:37:59,988 - WARNING - Task Beluga_MCQ_001184: Failed to extract answer (Attempt 2/3).
2026-03-11 03:38:12,550 - WARNING - Task Beluga_MCQ_001184: Failed to extract answer (Attempt 3/3).
2026-03-11 03:38:38,019 - WARNING - Task Beluga_MCQ_001188: Failed to extract answer (Attempt 1/3).
2026-03-11 03:38:50,556 - WARNING - Task Beluga_MCQ_001188: Failed to extract answer (Attempt 2/3).
2026-03-11 03:39:03,082 - WARNING - Task Beluga_MCQ_001188: Failed to extract answer (Attempt 3/3).
2026-03-11 03:39:15,447 - WARNING - Task Beluga_MCQ_001189: Failed to extract answer (Attempt 1/3).
2026-03-11 03:39:35,364 - WARNING - Task Beluga_MCQ_001190: Failed to extract answer (Attempt 1/3).
2026-03-11 03:39:47,869 - WARNING - Task Beluga_MCQ_001190: Failed to extract answer (Attempt 2/3).
2026-03-11 03:40:00,421 - WARNING - Task Beluga_MCQ_001190: Failed to extract answer (Attempt 3/3).
2026-03-11 03:40:13,815 - WARNING - Task Beluga_MCQ_001192: Failed to extract answer (Attempt 1/3).
2026-03-11 03:40:39,983 - WARNING - Task Beluga_MCQ_001194: Failed to extract answer (Attempt 1/3).
2026-03-11 03:41:06,908 - WARNING - Task Beluga_MCQ_001197: Failed to extract answer (Attempt 1/3).
2026-03-11 03:41:23,932 - WARNING - Task Beluga_MCQ_001198: Failed to extract answer (Attempt 1/3).
2026-03-11 03:41:36,467 - WARNING - Task Beluga_MCQ_001198: Failed to extract answer (Attempt 2/3).
2026-03-11 03:41:48,964 - WARNING - Task Beluga_MCQ_001198: Failed to extract answer (Attempt 3/3).
2026-03-11 03:42:01,391 - WARNING - Task Beluga_MCQ_001199: Failed to extract answer (Attempt 1/3).
2026-03-11 03:42:13,936 - WARNING - Task Beluga_MCQ_001199: Failed to extract answer (Attempt 2/3).
2026-03-11 03:42:26,457 - WARNING - Task Beluga_MCQ_001199: Failed to extract answer (Attempt 3/3).
2026-03-11 03:43:21,398 - WARNING - Task Beluga_MCQ_001209: Failed to extract answer (Attempt 1/3).
2026-03-11 03:43:33,938 - WARNING - Task Beluga_MCQ_001209: Failed to extract answer (Attempt 2/3).
2026-03-11 03:43:46,468 - WARNING - Task Beluga_MCQ_001209: Failed to extract answer (Attempt 3/3).
2026-03-11 03:43:58,925 - WARNING - Task Beluga_MCQ_001210: Failed to extract answer (Attempt 1/3).
2026-03-11 03:44:11,480 - WARNING - Task Beluga_MCQ_001210: Failed to extract answer (Attempt 2/3).
2026-03-11 03:44:24,040 - WARNING - Task Beluga_MCQ_001210: Failed to extract answer (Attempt 3/3).
2026-03-11 03:44:38,021 - WARNING - Task Beluga_MCQ_001212: Failed to extract answer (Attempt 1/3).
2026-03-11 03:44:57,245 - WARNING - Task Beluga_MCQ_001213: Failed to extract answer (Attempt 1/3).
2026-03-11 03:45:09,720 - WARNING - Task Beluga_MCQ_001213: Failed to extract answer (Attempt 2/3).
2026-03-11 03:45:22,250 - WARNING - Task Beluga_MCQ_001213: Failed to extract answer (Attempt 3/3).
2026-03-11 03:45:44,938 - WARNING - Task Beluga_MCQ_001218: Failed to extract answer (Attempt 1/3).
2026-03-11 03:46:10,654 - WARNING - Task Beluga_MCQ_001222: Failed to extract answer (Attempt 1/3).
2026-03-11 03:46:23,232 - WARNING - Task Beluga_MCQ_001222: Failed to extract answer (Attempt 2/3).
2026-03-11 03:46:35,815 - WARNING - Task Beluga_MCQ_001222: Failed to extract answer (Attempt 3/3).
2026-03-11 03:46:49,614 - WARNING - Task Beluga_MCQ_001224: Failed to extract answer (Attempt 1/3).
2026-03-11 03:47:02,158 - WARNING - Task Beluga_MCQ_001224: Failed to extract answer (Attempt 2/3).
2026-03-11 03:47:14,697 - WARNING - Task Beluga_MCQ_001224: Failed to extract answer (Attempt 3/3).
2026-03-11 03:47:31,716 - WARNING - Task Beluga_MCQ_001227: Failed to extract answer (Attempt 1/3).
2026-03-11 03:47:44,248 - WARNING - Task Beluga_MCQ_001227: Failed to extract answer (Attempt 2/3).
2026-03-11 03:47:56,810 - WARNING - Task Beluga_MCQ_001227: Failed to extract answer (Attempt 3/3).
2026-03-11 03:48:16,839 - WARNING - Task Beluga_MCQ_001229: Failed to extract answer (Attempt 1/3).
2026-03-11 03:48:29,342 - WARNING - Task Beluga_MCQ_001229: Failed to extract answer (Attempt 2/3).
2026-03-11 03:48:41,862 - WARNING - Task Beluga_MCQ_001229: Failed to extract answer (Attempt 3/3).
2026-03-11 03:49:21,489 - WARNING - Task Beluga_MCQ_001235: Failed to extract answer (Attempt 1/3).
2026-03-11 03:49:33,962 - WARNING - Task Beluga_MCQ_001235: Failed to extract answer (Attempt 2/3).
2026-03-11 03:49:46,507 - WARNING - Task Beluga_MCQ_001235: Failed to extract answer (Attempt 3/3).
2026-03-11 03:49:58,938 - WARNING - Task Beluga_MCQ_001236: Failed to extract answer (Attempt 1/3).
2026-03-11 03:50:12,153 - WARNING - Task Beluga_MCQ_001237: Failed to extract answer (Attempt 1/3).
2026-03-11 03:50:24,624 - WARNING - Task Beluga_MCQ_001237: Failed to extract answer (Attempt 2/3).
2026-03-11 03:50:37,123 - WARNING - Task Beluga_MCQ_001237: Failed to extract answer (Attempt 3/3).
2026-03-11 03:50:56,626 - WARNING - Task Beluga_MCQ_001239: Failed to extract answer (Attempt 1/3).
2026-03-11 03:51:28,285 - WARNING - Task Beluga_MCQ_001242: Failed to extract answer (Attempt 1/3).
2026-03-11 03:52:01,892 - WARNING - Task Beluga_MCQ_001245: Failed to extract answer (Attempt 1/3).
2026-03-11 03:52:54,520 - WARNING - Task Beluga_MCQ_001250: Failed to extract answer (Attempt 1/3).
2026-03-11 03:53:06,995 - WARNING - Task Beluga_MCQ_001250: Failed to extract answer (Attempt 2/3).
2026-03-11 03:53:19,473 - WARNING - Task Beluga_MCQ_001250: Failed to extract answer (Attempt 3/3).
2026-03-11 03:53:32,843 - WARNING - Task Beluga_MCQ_001252: Failed to extract answer (Attempt 1/3).
2026-03-11 03:53:53,231 - WARNING - Task Beluga_MCQ_001253: Failed to extract answer (Attempt 1/3).
2026-03-11 03:54:10,368 - WARNING - Task Beluga_MCQ_001254: Failed to extract answer (Attempt 1/3).
2026-03-11 03:54:22,918 - WARNING - Task Beluga_MCQ_001254: Failed to extract answer (Attempt 2/3).
2026-03-11 03:54:35,417 - WARNING - Task Beluga_MCQ_001254: Failed to extract answer (Attempt 3/3).
2026-03-11 03:54:47,863 - WARNING - Task Beluga_MCQ_001255: Failed to extract answer (Attempt 1/3).
2026-03-11 03:55:09,095 - WARNING - Task Beluga_MCQ_001257: Failed to extract answer (Attempt 1/3).
2026-03-11 03:55:21,620 - WARNING - Task Beluga_MCQ_001257: Failed to extract answer (Attempt 2/3).
2026-03-11 03:55:34,137 - WARNING - Task Beluga_MCQ_001257: Failed to extract answer (Attempt 3/3).
2026-03-11 03:55:47,303 - WARNING - Task Beluga_MCQ_001259: Failed to extract answer (Attempt 1/3).
2026-03-11 03:56:04,093 - WARNING - Task Beluga_MCQ_001260: Failed to extract answer (Attempt 1/3).
2026-03-11 03:56:16,578 - WARNING - Task Beluga_MCQ_001260: Failed to extract answer (Attempt 2/3).
2026-03-11 03:56:29,063 - WARNING - Task Beluga_MCQ_001260: Failed to extract answer (Attempt 3/3).
2026-03-11 03:57:02,160 - WARNING - Task Beluga_MCQ_001264: Failed to extract answer (Attempt 1/3).
2026-03-11 03:57:14,601 - WARNING - Task Beluga_MCQ_001264: Failed to extract answer (Attempt 2/3).
2026-03-11 03:57:27,080 - WARNING - Task Beluga_MCQ_001264: Failed to extract answer (Attempt 3/3).
2026-03-11 03:57:50,510 - WARNING - Task Beluga_MCQ_001266: Failed to extract answer (Attempt 1/3).
2026-03-11 03:58:02,997 - WARNING - Task Beluga_MCQ_001266: Failed to extract answer (Attempt 2/3).
2026-03-11 03:58:15,471 - WARNING - Task Beluga_MCQ_001266: Failed to extract answer (Attempt 3/3).
2026-03-11 03:58:40,580 - WARNING - Task Beluga_MCQ_001269: Failed to extract answer (Attempt 1/3).
2026-03-11 03:58:58,045 - WARNING - Task Beluga_MCQ_001270: Failed to extract answer (Attempt 1/3).
2026-03-11 03:59:21,317 - WARNING - Task Beluga_MCQ_001272: Failed to extract answer (Attempt 1/3).
2026-03-11 03:59:33,795 - WARNING - Task Beluga_MCQ_001272: Failed to extract answer (Attempt 2/3).
2026-03-11 03:59:46,258 - WARNING - Task Beluga_MCQ_001272: Failed to extract answer (Attempt 3/3).
2026-03-11 04:00:02,202 - WARNING - Task Beluga_MCQ_001274: Failed to extract answer (Attempt 1/3).
2026-03-11 04:00:43,028 - WARNING - Task Beluga_MCQ_001279: Failed to extract answer (Attempt 1/3).
2026-03-11 04:01:23,228 - WARNING - Task Beluga_MCQ_001284: Failed to extract answer (Attempt 1/3).
2026-03-11 04:01:47,048 - WARNING - Task Beluga_MCQ_001285: Failed to extract answer (Attempt 1/3).
2026-03-11 04:01:59,502 - WARNING - Task Beluga_MCQ_001285: Failed to extract answer (Attempt 2/3).
2026-03-11 04:02:11,989 - WARNING - Task Beluga_MCQ_001285: Failed to extract answer (Attempt 3/3).
2026-03-11 04:02:24,409 - WARNING - Task Beluga_MCQ_001286: Failed to extract answer (Attempt 1/3).
2026-03-11 04:02:36,892 - WARNING - Task Beluga_MCQ_001286: Failed to extract answer (Attempt 2/3).
2026-03-11 04:02:49,353 - WARNING - Task Beluga_MCQ_001286: Failed to extract answer (Attempt 3/3).
2026-03-11 04:03:12,426 - WARNING - Task Beluga_MCQ_001290: Failed to extract answer (Attempt 1/3).
2026-03-11 04:03:35,166 - WARNING - Task Beluga_MCQ_001292: Failed to extract answer (Attempt 1/3).
2026-03-11 04:03:47,627 - WARNING - Task Beluga_MCQ_001292: Failed to extract answer (Attempt 2/3).
2026-03-11 04:04:00,095 - WARNING - Task Beluga_MCQ_001292: Failed to extract answer (Attempt 3/3).
2026-03-11 04:04:27,391 - WARNING - Task Beluga_MCQ_001296: Failed to extract answer (Attempt 1/3).
2026-03-11 04:04:41,676 - WARNING - Task Beluga_MCQ_001297: Failed to extract answer (Attempt 1/3).
2026-03-11 04:05:00,655 - WARNING - Task Beluga_MCQ_001298: Failed to extract answer (Attempt 1/3).
2026-03-11 04:05:13,148 - WARNING - Task Beluga_MCQ_001298: Failed to extract answer (Attempt 2/3).
2026-03-11 04:05:25,642 - WARNING - Task Beluga_MCQ_001298: Failed to extract answer (Attempt 3/3).
2026-03-11 04:05:57,485 - WARNING - Task Beluga_MCQ_001304: Failed to extract answer (Attempt 1/3).
2026-03-11 04:06:09,928 - WARNING - Task Beluga_MCQ_001304: Failed to extract answer (Attempt 2/3).
2026-03-11 04:06:22,395 - WARNING - Task Beluga_MCQ_001304: Failed to extract answer (Attempt 3/3).
2026-03-11 04:06:34,798 - WARNING - Task Beluga_MCQ_001305: Failed to extract answer (Attempt 1/3).
2026-03-11 04:06:49,442 - WARNING - Task Beluga_MCQ_001306: Failed to extract answer (Attempt 1/3).
2026-03-11 04:07:02,655 - WARNING - Task Beluga_MCQ_001307: Failed to extract answer (Attempt 1/3).
2026-03-11 04:07:21,958 - WARNING - Task Beluga_MCQ_001308: Failed to extract answer (Attempt 1/3).
2026-03-11 04:07:50,053 - WARNING - Task Beluga_MCQ_001312: Failed to extract answer (Attempt 1/3).
2026-03-11 04:08:05,529 - WARNING - Task Beluga_MCQ_001313: Failed to extract answer (Attempt 1/3).
2026-03-11 04:08:30,537 - WARNING - Task Beluga_MCQ_001315: Failed to extract answer (Attempt 1/3).
2026-03-11 04:09:19,360 - WARNING - Task Beluga_MCQ_001321: Failed to extract answer (Attempt 1/3).
2026-03-11 04:09:31,953 - WARNING - Task Beluga_MCQ_001321: Failed to extract answer (Attempt 2/3).
2026-03-11 04:09:44,449 - WARNING - Task Beluga_MCQ_001321: Failed to extract answer (Attempt 3/3).
2026-03-11 04:09:56,863 - WARNING - Task Beluga_MCQ_001322: Failed to extract answer (Attempt 1/3).
2026-03-11 04:11:22,683 - WARNING - Task Beluga_MCQ_001335: Failed to extract answer (Attempt 1/3).
2026-03-11 04:11:40,524 - WARNING - Task Beluga_MCQ_001337: Failed to extract answer (Attempt 1/3).
2026-03-11 04:12:01,660 - WARNING - Task Beluga_MCQ_001338: Failed to extract answer (Attempt 1/3).
2026-03-11 04:12:14,120 - WARNING - Task Beluga_MCQ_001338: Failed to extract answer (Attempt 2/3).
2026-03-11 04:12:26,588 - WARNING - Task Beluga_MCQ_001338: Failed to extract answer (Attempt 3/3).
2026-03-11 04:12:45,153 - WARNING - Task Beluga_MCQ_001340: Failed to extract answer (Attempt 1/3).
2026-03-11 04:13:29,590 - WARNING - Task Beluga_MCQ_001344: Failed to extract answer (Attempt 1/3).
2026-03-11 04:13:43,666 - WARNING - Task Beluga_MCQ_001345: Failed to extract answer (Attempt 1/3).
2026-03-11 04:13:56,175 - WARNING - Task Beluga_MCQ_001345: Failed to extract answer (Attempt 2/3).
2026-03-11 04:14:08,625 - WARNING - Task Beluga_MCQ_001345: Failed to extract answer (Attempt 3/3).
2026-03-11 04:14:20,984 - WARNING - Task Beluga_MCQ_001346: Failed to extract answer (Attempt 1/3).
2026-03-11 04:14:33,449 - WARNING - Task Beluga_MCQ_001346: Failed to extract answer (Attempt 2/3).
2026-03-11 04:14:46,047 - WARNING - Task Beluga_MCQ_001346: Failed to extract answer (Attempt 3/3).
2026-03-11 04:14:59,282 - WARNING - Task Beluga_MCQ_001348: Failed to extract answer (Attempt 1/3).
2026-03-11 04:15:28,126 - WARNING - Task Beluga_MCQ_001351: Failed to extract answer (Attempt 1/3).
2026-03-11 04:15:40,643 - WARNING - Task Beluga_MCQ_001351: Failed to extract answer (Attempt 2/3).
2026-03-11 04:15:53,066 - WARNING - Task Beluga_MCQ_001351: Failed to extract answer (Attempt 3/3).
2026-03-11 04:16:31,790 - WARNING - Task Beluga_MCQ_001357: Failed to extract answer (Attempt 1/3).
2026-03-11 04:16:57,457 - WARNING - Task Beluga_MCQ_001360: Failed to extract answer (Attempt 1/3).
2026-03-11 04:17:13,295 - WARNING - Task Beluga_MCQ_001362: Failed to extract answer (Attempt 1/3).
2026-03-11 04:17:25,763 - WARNING - Task Beluga_MCQ_001362: Failed to extract answer (Attempt 2/3).
2026-03-11 04:17:38,257 - WARNING - Task Beluga_MCQ_001362: Failed to extract answer (Attempt 3/3).
2026-03-11 04:17:50,679 - WARNING - Task Beluga_MCQ_001363: Failed to extract answer (Attempt 1/3).
2026-03-11 04:18:09,107 - WARNING - Task Beluga_MCQ_001364: Failed to extract answer (Attempt 1/3).
2026-03-11 04:18:21,591 - WARNING - Task Beluga_MCQ_001364: Failed to extract answer (Attempt 2/3).
2026-03-11 04:18:34,047 - WARNING - Task Beluga_MCQ_001364: Failed to extract answer (Attempt 3/3).
2026-03-11 04:19:21,285 - WARNING - Task Beluga_MCQ_001371: Failed to extract answer (Attempt 1/3).
2026-03-11 04:19:33,788 - WARNING - Task Beluga_MCQ_001371: Failed to extract answer (Attempt 2/3).
2026-03-11 04:19:46,283 - WARNING - Task Beluga_MCQ_001371: Failed to extract answer (Attempt 3/3).
2026-03-11 04:20:47,404 - WARNING - Task Beluga_MCQ_001381: Failed to extract answer (Attempt 1/3).
2026-03-11 04:21:20,833 - WARNING - Task Beluga_MCQ_001386: Failed to extract answer (Attempt 1/3).
2026-03-11 04:21:33,357 - WARNING - Task Beluga_MCQ_001386: Failed to extract answer (Attempt 2/3).
2026-03-11 04:21:45,850 - WARNING - Task Beluga_MCQ_001386: Failed to extract answer (Attempt 3/3).
2026-03-11 04:22:10,837 - WARNING - Task Beluga_MCQ_001389: Failed to extract answer (Attempt 1/3).
2026-03-11 04:22:30,034 - WARNING - Task Beluga_MCQ_001390: Failed to extract answer (Attempt 1/3).
2026-03-11 04:22:42,499 - WARNING - Task Beluga_MCQ_001390: Failed to extract answer (Attempt 2/3).
2026-03-11 04:22:55,036 - WARNING - Task Beluga_MCQ_001390: Failed to extract answer (Attempt 3/3).
2026-03-11 04:23:16,664 - WARNING - Task Beluga_MCQ_001392: Failed to extract answer (Attempt 1/3).
2026-03-11 04:23:29,187 - WARNING - Task Beluga_MCQ_001392: Failed to extract answer (Attempt 2/3).
2026-03-11 04:23:41,769 - WARNING - Task Beluga_MCQ_001392: Failed to extract answer (Attempt 3/3).
2026-03-11 04:23:57,016 - WARNING - Task Beluga_MCQ_001394: Failed to extract answer (Attempt 1/3).
2026-03-11 04:24:09,473 - WARNING - Task Beluga_MCQ_001394: Failed to extract answer (Attempt 2/3).
2026-03-11 04:24:21,953 - WARNING - Task Beluga_MCQ_001394: Failed to extract answer (Attempt 3/3).
2026-03-11 04:24:48,686 - WARNING - Task Beluga_MCQ_001397: Failed to extract answer (Attempt 1/3).
2026-03-11 04:25:08,952 - WARNING - Task Beluga_MCQ_001398: Failed to extract answer (Attempt 1/3).
2026-03-11 04:25:38,845 - WARNING - Task Beluga_MCQ_001401: Failed to extract answer (Attempt 1/3).
2026-03-11 04:25:51,312 - WARNING - Task Beluga_MCQ_001401: Failed to extract answer (Attempt 2/3).
2026-03-11 04:26:03,781 - WARNING - Task Beluga_MCQ_001401: Failed to extract answer (Attempt 3/3).
2026-03-11 04:26:17,706 - WARNING - Task Beluga_MCQ_001403: Failed to extract answer (Attempt 1/3).
2026-03-11 04:26:42,204 - WARNING - Task Beluga_MCQ_001404: Failed to extract answer (Attempt 1/3).
2026-03-11 04:27:11,314 - WARNING - Task Beluga_MCQ_001407: Failed to extract answer (Attempt 1/3).
2026-03-11 04:27:27,822 - WARNING - Task Beluga_MCQ_001408: Failed to extract answer (Attempt 1/3).
2026-03-11 04:28:31,738 - WARNING - Task Beluga_MCQ_001418: Failed to extract answer (Attempt 1/3).
2026-03-11 04:28:48,664 - WARNING - Task Beluga_MCQ_001419: Failed to extract answer (Attempt 1/3).
2026-03-11 04:29:01,153 - WARNING - Task Beluga_MCQ_001419: Failed to extract answer (Attempt 2/3).
2026-03-11 04:29:13,698 - WARNING - Task Beluga_MCQ_001419: Failed to extract answer (Attempt 3/3).
2026-03-11 04:29:37,502 - WARNING - Task Beluga_MCQ_001421: Failed to extract answer (Attempt 1/3).
2026-03-11 04:29:49,988 - WARNING - Task Beluga_MCQ_001421: Failed to extract answer (Attempt 2/3).
2026-03-11 04:30:02,492 - WARNING - Task Beluga_MCQ_001421: Failed to extract answer (Attempt 3/3).
2026-03-11 04:30:14,936 - WARNING - Task Beluga_MCQ_001422: Failed to extract answer (Attempt 1/3).
2026-03-11 04:30:46,076 - WARNING - Task Beluga_MCQ_001425: Failed to extract answer (Attempt 1/3).
2026-03-11 04:30:58,555 - WARNING - Task Beluga_MCQ_001425: Failed to extract answer (Attempt 2/3).
2026-03-11 04:31:11,064 - WARNING - Task Beluga_MCQ_001425: Failed to extract answer (Attempt 3/3).
2026-03-11 04:31:23,507 - WARNING - Task Beluga_MCQ_001426: Failed to extract answer (Attempt 1/3).
2026-03-11 04:31:36,004 - WARNING - Task Beluga_MCQ_001426: Failed to extract answer (Attempt 2/3).
2026-03-11 04:31:48,495 - WARNING - Task Beluga_MCQ_001426: Failed to extract answer (Attempt 3/3).
2026-03-11 04:32:04,258 - WARNING - Task Beluga_MCQ_001428: Failed to extract answer (Attempt 1/3).
2026-03-11 04:32:35,185 - WARNING - Task Beluga_MCQ_001430: Failed to extract answer (Attempt 1/3).
2026-03-11 04:32:47,651 - WARNING - Task Beluga_MCQ_001430: Failed to extract answer (Attempt 2/3).
2026-03-11 04:33:00,136 - WARNING - Task Beluga_MCQ_001430: Failed to extract answer (Attempt 3/3).
2026-03-11 04:33:23,235 - WARNING - Task Beluga_MCQ_001433: Failed to extract answer (Attempt 1/3).
2026-03-11 04:33:35,677 - WARNING - Task Beluga_MCQ_001433: Failed to extract answer (Attempt 2/3).
2026-03-11 04:33:48,114 - WARNING - Task Beluga_MCQ_001433: Failed to extract answer (Attempt 3/3).
2026-03-11 04:34:05,358 - WARNING - Task Beluga_MCQ_001435: Failed to extract answer (Attempt 1/3).
2026-03-11 04:34:17,838 - WARNING - Task Beluga_MCQ_001435: Failed to extract answer (Attempt 2/3).
2026-03-11 04:34:30,294 - WARNING - Task Beluga_MCQ_001435: Failed to extract answer (Attempt 3/3).
2026-03-11 04:34:50,540 - WARNING - Task Beluga_MCQ_001438: Failed to extract answer (Attempt 1/3).
2026-03-11 04:35:13,426 - WARNING - Task Beluga_MCQ_001439: Failed to extract answer (Attempt 1/3).
2026-03-11 04:35:54,437 - WARNING - Task Beluga_MCQ_001447: Failed to extract answer (Attempt 1/3).
2026-03-11 04:36:38,115 - WARNING - Task Beluga_MCQ_001452: Failed to extract answer (Attempt 1/3).
2026-03-11 04:37:01,962 - WARNING - Task Beluga_MCQ_001453: Failed to extract answer (Attempt 1/3).
2026-03-11 04:37:14,519 - WARNING - Task Beluga_MCQ_001453: Failed to extract answer (Attempt 2/3).
2026-03-11 04:37:27,031 - WARNING - Task Beluga_MCQ_001453: Failed to extract answer (Attempt 3/3).
2026-03-11 04:38:17,562 - WARNING - Task Beluga_MCQ_001461: Failed to extract answer (Attempt 1/3).
2026-03-11 04:38:30,003 - WARNING - Task Beluga_MCQ_001461: Failed to extract answer (Attempt 2/3).
2026-03-11 04:38:42,477 - WARNING - Task Beluga_MCQ_001461: Failed to extract answer (Attempt 3/3).
2026-03-11 04:38:59,061 - WARNING - Task Beluga_MCQ_001465: Failed to extract answer (Attempt 1/3).
2026-03-11 04:39:18,739 - WARNING - Task Beluga_MCQ_001466: Failed to extract answer (Attempt 1/3).
2026-03-11 04:40:08,654 - WARNING - Task Beluga_MCQ_001471: Failed to extract answer (Attempt 1/3).
2026-03-11 04:40:24,559 - WARNING - Task Beluga_MCQ_001472: Failed to extract answer (Attempt 1/3).
2026-03-11 04:40:37,055 - WARNING - Task Beluga_MCQ_001472: Failed to extract answer (Attempt 2/3).
2026-03-11 04:40:49,545 - WARNING - Task Beluga_MCQ_001472: Failed to extract answer (Attempt 3/3).
2026-03-11 04:41:02,002 - WARNING - Task Beluga_MCQ_001473: Failed to extract answer (Attempt 1/3).
2026-03-11 04:41:39,627 - WARNING - Task Beluga_MCQ_001478: Failed to extract answer (Attempt 1/3).
2026-03-11 04:41:55,651 - WARNING - Task Beluga_MCQ_001479: Failed to extract answer (Attempt 1/3).
2026-03-11 04:42:08,162 - WARNING - Task Beluga_MCQ_001479: Failed to extract answer (Attempt 2/3).
2026-03-11 04:42:20,637 - WARNING - Task Beluga_MCQ_001479: Failed to extract answer (Attempt 3/3).
2026-03-11 04:42:44,474 - WARNING - Task Beluga_MCQ_001483: Failed to extract answer (Attempt 1/3).
2026-03-11 04:42:56,945 - WARNING - Task Beluga_MCQ_001483: Failed to extract answer (Attempt 2/3).
2026-03-11 04:43:09,432 - WARNING - Task Beluga_MCQ_001483: Failed to extract answer (Attempt 3/3).
2026-03-11 04:43:22,038 - WARNING - Task Beluga_MCQ_001484: Failed to extract answer (Attempt 1/3).
2026-03-11 04:43:34,557 - WARNING - Task Beluga_MCQ_001484: Failed to extract answer (Attempt 2/3).
2026-03-11 04:43:47,083 - WARNING - Task Beluga_MCQ_001484: Failed to extract answer (Attempt 3/3).
2026-03-11 04:43:59,503 - WARNING - Task Beluga_MCQ_001485: Failed to extract answer (Attempt 1/3).
2026-03-11 04:44:11,942 - WARNING - Task Beluga_MCQ_001485: Failed to extract answer (Attempt 2/3).
2026-03-11 04:44:24,395 - WARNING - Task Beluga_MCQ_001485: Failed to extract answer (Attempt 3/3).
2026-03-11 04:44:41,584 - WARNING - Task Beluga_MCQ_001487: Failed to extract answer (Attempt 1/3).
2026-03-11 04:44:54,119 - WARNING - Task Beluga_MCQ_001487: Failed to extract answer (Attempt 2/3).
2026-03-11 04:45:06,649 - WARNING - Task Beluga_MCQ_001487: Failed to extract answer (Attempt 3/3).
2026-03-11 04:45:19,106 - WARNING - Task Beluga_MCQ_001488: Failed to extract answer (Attempt 1/3).
2026-03-11 04:45:39,544 - WARNING - Task Beluga_MCQ_001489: Failed to extract answer (Attempt 1/3).
2026-03-11 04:45:52,066 - WARNING - Task Beluga_MCQ_001489: Failed to extract answer (Attempt 2/3).
2026-03-11 04:46:04,573 - WARNING - Task Beluga_MCQ_001489: Failed to extract answer (Attempt 3/3).
2026-03-11 04:46:30,780 - WARNING - Task Beluga_MCQ_001493: Failed to extract answer (Attempt 1/3).
2026-03-11 04:46:50,138 - WARNING - Task Beluga_MCQ_001494: Failed to extract answer (Attempt 1/3).
2026-03-11 04:47:02,612 - WARNING - Task Beluga_MCQ_001494: Failed to extract answer (Attempt 2/3).
2026-03-11 04:47:15,079 - WARNING - Task Beluga_MCQ_001494: Failed to extract answer (Attempt 3/3).
2026-03-11 04:47:38,673 - WARNING - Task Beluga_MCQ_001496: Failed to extract answer (Attempt 1/3).
2026-03-11 04:47:51,107 - WARNING - Task Beluga_MCQ_001496: Failed to extract answer (Attempt 2/3).
2026-03-11 04:48:03,564 - WARNING - Task Beluga_MCQ_001496: Failed to extract answer (Attempt 3/3).
2026-03-11 04:48:15,955 - WARNING - Task Beluga_MCQ_001497: Failed to extract answer (Attempt 1/3).
2026-03-11 04:48:28,455 - WARNING - Task Beluga_MCQ_001497: Failed to extract answer (Attempt 2/3).
2026-03-11 04:48:40,945 - WARNING - Task Beluga_MCQ_001497: Failed to extract answer (Attempt 3/3).
2026-03-11 04:48:53,394 - WARNING - Task Beluga_MCQ_001498: Failed to extract answer (Attempt 1/3).
2026-03-11 04:49:05,879 - WARNING - Task Beluga_MCQ_001498: Failed to extract answer (Attempt 2/3).
2026-03-11 04:49:18,364 - WARNING - Task Beluga_MCQ_001498: Failed to extract answer (Attempt 3/3).
2026-03-11 04:49:30,772 - WARNING - Task Beluga_MCQ_001499: Failed to extract answer (Attempt 1/3).
2026-03-11 04:49:43,207 - WARNING - Task Beluga_MCQ_001499: Failed to extract answer (Attempt 2/3).
2026-03-11 04:49:55,695 - WARNING - Task Beluga_MCQ_001499: Failed to extract answer (Attempt 3/3).
2026-03-11 04:50:12,893 - WARNING - Task Beluga_MCQ_001501: Failed to extract answer (Attempt 1/3).
2026-03-11 04:50:31,165 - WARNING - Task Beluga_MCQ_001504: Failed to extract answer (Attempt 1/3).
2026-03-11 04:51:30,793 - WARNING - Task Beluga_MCQ_001509: Failed to extract answer (Attempt 1/3).
2026-03-11 04:52:21,285 - WARNING - Task Beluga_MCQ_001515: Failed to extract answer (Attempt 1/3).
2026-03-11 04:52:33,737 - WARNING - Task Beluga_MCQ_001515: Failed to extract answer (Attempt 2/3).
2026-03-11 04:52:46,162 - WARNING - Task Beluga_MCQ_001515: Failed to extract answer (Attempt 3/3).
2026-03-11 04:52:58,447 - WARNING - Task Beluga_MCQ_001516: Failed to extract answer (Attempt 1/3).
2026-03-11 04:53:10,897 - WARNING - Task Beluga_MCQ_001516: Failed to extract answer (Attempt 2/3).
2026-03-11 04:53:23,387 - WARNING - Task Beluga_MCQ_001516: Failed to extract answer (Attempt 3/3).
2026-03-11 04:53:35,740 - WARNING - Task Beluga_MCQ_001517: Failed to extract answer (Attempt 1/3).
2026-03-11 04:53:48,232 - WARNING - Task Beluga_MCQ_001517: Failed to extract answer (Attempt 2/3).
2026-03-11 04:54:00,734 - WARNING - Task Beluga_MCQ_001517: Failed to extract answer (Attempt 3/3).
2026-03-11 04:54:13,172 - WARNING - Task Beluga_MCQ_001518: Failed to extract answer (Attempt 1/3).
2026-03-11 04:54:44,180 - WARNING - Task Beluga_MCQ_001521: Failed to extract answer (Attempt 1/3).
2026-03-11 04:55:05,203 - WARNING - Task Beluga_MCQ_001522: Failed to extract answer (Attempt 1/3).
2026-03-11 04:55:17,649 - WARNING - Task Beluga_MCQ_001522: Failed to extract answer (Attempt 2/3).
2026-03-11 04:55:30,078 - WARNING - Task Beluga_MCQ_001522: Failed to extract answer (Attempt 3/3).
2026-03-11 04:56:06,234 - WARNING - Task Beluga_MCQ_001526: Failed to extract answer (Attempt 1/3).
2026-03-11 04:56:18,725 - WARNING - Task Beluga_MCQ_001526: Failed to extract answer (Attempt 2/3).
2026-03-11 04:56:31,218 - WARNING - Task Beluga_MCQ_001526: Failed to extract answer (Attempt 3/3).
2026-03-11 04:56:43,673 - WARNING - Task Beluga_MCQ_001527: Failed to extract answer (Attempt 1/3).
2026-03-11 04:56:56,121 - WARNING - Task Beluga_MCQ_001527: Failed to extract answer (Attempt 2/3).
2026-03-11 04:57:08,610 - WARNING - Task Beluga_MCQ_001527: Failed to extract answer (Attempt 3/3).
2026-03-11 04:57:21,021 - WARNING - Task Beluga_MCQ_001528: Failed to extract answer (Attempt 1/3).
2026-03-11 04:57:51,543 - WARNING - Task Beluga_MCQ_001531: Failed to extract answer (Attempt 1/3).
2026-03-11 04:58:04,024 - WARNING - Task Beluga_MCQ_001531: Failed to extract answer (Attempt 2/3).
2026-03-11 04:58:16,525 - WARNING - Task Beluga_MCQ_001531: Failed to extract answer (Attempt 3/3).
2026-03-11 04:58:40,308 - WARNING - Task Beluga_MCQ_001535: Failed to extract answer (Attempt 1/3).
2026-03-11 04:59:09,287 - WARNING - Task Beluga_MCQ_001538: Failed to extract answer (Attempt 1/3).
2026-03-11 04:59:34,940 - WARNING - Task Beluga_MCQ_001540: Failed to extract answer (Attempt 1/3).
2026-03-11 05:00:40,546 - WARNING - Task Beluga_MCQ_001547: Failed to extract answer (Attempt 1/3).
2026-03-11 05:01:08,000 - WARNING - Task Beluga_MCQ_001549: Failed to extract answer (Attempt 1/3).
2026-03-11 05:01:20,512 - WARNING - Task Beluga_MCQ_001549: Failed to extract answer (Attempt 2/3).
2026-03-11 05:01:33,036 - WARNING - Task Beluga_MCQ_001549: Failed to extract answer (Attempt 3/3).
2026-03-11 05:01:45,409 - WARNING - Task Beluga_MCQ_001550: Failed to extract answer (Attempt 1/3).
2026-03-11 05:01:59,051 - WARNING - Task Beluga_MCQ_001551: Failed to extract answer (Attempt 1/3).
2026-03-11 05:02:11,509 - WARNING - Task Beluga_MCQ_001551: Failed to extract answer (Attempt 2/3).
2026-03-11 05:02:23,946 - WARNING - Task Beluga_MCQ_001551: Failed to extract answer (Attempt 3/3).
2026-03-11 05:03:05,519 - WARNING - Task Beluga_MCQ_001556: Failed to extract answer (Attempt 1/3).
2026-03-11 05:03:17,986 - WARNING - Task Beluga_MCQ_001556: Failed to extract answer (Attempt 2/3).
2026-03-11 05:03:30,480 - WARNING - Task Beluga_MCQ_001556: Failed to extract answer (Attempt 3/3).
2026-03-11 05:03:42,904 - WARNING - Task Beluga_MCQ_001557: Failed to extract answer (Attempt 1/3).
2026-03-11 05:04:07,481 - WARNING - Task Beluga_MCQ_001559: Failed to extract answer (Attempt 1/3).
2026-03-11 05:04:19,881 - WARNING - Task Beluga_MCQ_001559: Failed to extract answer (Attempt 2/3).
2026-03-11 05:04:32,318 - WARNING - Task Beluga_MCQ_001559: Failed to extract answer (Attempt 3/3).
2026-03-11 05:04:45,485 - WARNING - Task Beluga_MCQ_001561: Failed to extract answer (Attempt 1/3).
2026-03-11 05:04:57,967 - WARNING - Task Beluga_MCQ_001561: Failed to extract answer (Attempt 2/3).
2026-03-11 05:05:10,431 - WARNING - Task Beluga_MCQ_001561: Failed to extract answer (Attempt 3/3).
2026-03-11 05:05:23,555 - WARNING - Task Beluga_MCQ_001563: Failed to extract answer (Attempt 1/3).
2026-03-11 05:05:53,212 - WARNING - Task Beluga_MCQ_001566: Failed to extract answer (Attempt 1/3).
2026-03-11 05:06:05,688 - WARNING - Task Beluga_MCQ_001566: Failed to extract answer (Attempt 2/3).
2026-03-11 05:06:18,237 - WARNING - Task Beluga_MCQ_001566: Failed to extract answer (Attempt 3/3).
2026-03-11 05:06:30,719 - WARNING - Task Beluga_MCQ_001567: Failed to extract answer (Attempt 1/3).
2026-03-11 05:06:49,945 - WARNING - Task Beluga_MCQ_001569: Failed to extract answer (Attempt 1/3).
2026-03-11 05:07:02,390 - WARNING - Task Beluga_MCQ_001569: Failed to extract answer (Attempt 2/3).
2026-03-11 05:07:14,861 - WARNING - Task Beluga_MCQ_001569: Failed to extract answer (Attempt 3/3).
2026-03-11 05:07:50,877 - WARNING - Task Beluga_MCQ_001573: Failed to extract answer (Attempt 1/3).
2026-03-11 05:08:16,347 - WARNING - Task Beluga_MCQ_001575: Failed to extract answer (Attempt 1/3).
2026-03-11 05:08:28,794 - WARNING - Task Beluga_MCQ_001575: Failed to extract answer (Attempt 2/3).
2026-03-11 05:08:41,263 - WARNING - Task Beluga_MCQ_001575: Failed to extract answer (Attempt 3/3).
2026-03-11 05:08:53,614 - WARNING - Task Beluga_MCQ_001576: Failed to extract answer (Attempt 1/3).
2026-03-11 05:09:06,088 - WARNING - Task Beluga_MCQ_001576: Failed to extract answer (Attempt 2/3).
2026-03-11 05:09:18,594 - WARNING - Task Beluga_MCQ_001576: Failed to extract answer (Attempt 3/3).
2026-03-11 05:09:31,024 - WARNING - Task Beluga_MCQ_001577: Failed to extract answer (Attempt 1/3).
2026-03-11 05:09:43,496 - WARNING - Task Beluga_MCQ_001577: Failed to extract answer (Attempt 2/3).
2026-03-11 05:09:56,004 - WARNING - Task Beluga_MCQ_001577: Failed to extract answer (Attempt 3/3).
2026-03-11 05:10:08,336 - WARNING - Task Beluga_MCQ_001578: Failed to extract answer (Attempt 1/3).
2026-03-11 05:10:35,998 - WARNING - Task Beluga_MCQ_001581: Failed to extract answer (Attempt 1/3).
2026-03-11 05:10:48,472 - WARNING - Task Beluga_MCQ_001581: Failed to extract answer (Attempt 2/3).
2026-03-11 05:11:00,964 - WARNING - Task Beluga_MCQ_001581: Failed to extract answer (Attempt 3/3).
2026-03-11 05:11:13,419 - WARNING - Task Beluga_MCQ_001582: Failed to extract answer (Attempt 1/3).
2026-03-11 05:11:30,910 - WARNING - Task Beluga_MCQ_001583: Failed to extract answer (Attempt 1/3).
2026-03-11 05:11:50,030 - WARNING - Task Beluga_MCQ_001584: Failed to extract answer (Attempt 1/3).
2026-03-11 05:12:07,760 - WARNING - Task Beluga_MCQ_001585: Failed to extract answer (Attempt 1/3).
2026-03-11 05:12:20,235 - WARNING - Task Beluga_MCQ_001585: Failed to extract answer (Attempt 2/3).
2026-03-11 05:12:32,724 - WARNING - Task Beluga_MCQ_001585: Failed to extract answer (Attempt 3/3).
2026-03-11 05:12:56,099 - WARNING - Task Beluga_MCQ_001587: Failed to extract answer (Attempt 1/3).
2026-03-11 05:13:08,565 - WARNING - Task Beluga_MCQ_001587: Failed to extract answer (Attempt 2/3).
2026-03-11 05:13:21,046 - WARNING - Task Beluga_MCQ_001587: Failed to extract answer (Attempt 3/3).
2026-03-11 05:13:54,788 - WARNING - Task Beluga_MCQ_001594: Failed to extract answer (Attempt 1/3).
2026-03-11 05:14:07,251 - WARNING - Task Beluga_MCQ_001594: Failed to extract answer (Attempt 2/3).
2026-03-11 05:14:19,698 - WARNING - Task Beluga_MCQ_001594: Failed to extract answer (Attempt 3/3).
2026-03-11 05:14:41,492 - WARNING - Task Beluga_MCQ_001598: Failed to extract answer (Attempt 1/3).
2026-03-11 05:15:30,311 - WARNING - Task Beluga_MCQ_001603: Failed to extract answer (Attempt 1/3).
2026-03-11 05:15:42,764 - WARNING - Task Beluga_MCQ_001603: Failed to extract answer (Attempt 2/3).
2026-03-11 05:15:55,219 - WARNING - Task Beluga_MCQ_001603: Failed to extract answer (Attempt 3/3).
2026-03-11 05:16:29,113 - WARNING - Task Beluga_MCQ_001607: Failed to extract answer (Attempt 1/3).
2026-03-11 05:16:56,037 - WARNING - Task Beluga_MCQ_001611: Failed to extract answer (Attempt 1/3).
2026-03-11 05:17:08,481 - WARNING - Task Beluga_MCQ_001611: Failed to extract answer (Attempt 2/3).
2026-03-11 05:17:20,963 - WARNING - Task Beluga_MCQ_001611: Failed to extract answer (Attempt 3/3).
2026-03-11 05:18:08,887 - WARNING - Task Beluga_MCQ_001618: Failed to extract answer (Attempt 1/3).
2026-03-11 05:18:59,679 - WARNING - Task Beluga_MCQ_001625: Failed to extract answer (Attempt 1/3).
2026-03-11 05:19:22,766 - WARNING - Task Beluga_MCQ_001626: Failed to extract answer (Attempt 1/3).
2026-03-11 05:19:35,233 - WARNING - Task Beluga_MCQ_001626: Failed to extract answer (Attempt 2/3).
2026-03-11 05:19:47,703 - WARNING - Task Beluga_MCQ_001626: Failed to extract answer (Attempt 3/3).
2026-03-11 05:20:00,017 - WARNING - Task Beluga_MCQ_001627: Failed to extract answer (Attempt 1/3).
2026-03-11 05:20:12,497 - WARNING - Task Beluga_MCQ_001627: Failed to extract answer (Attempt 2/3).
2026-03-11 05:20:25,009 - WARNING - Task Beluga_MCQ_001627: Failed to extract answer (Attempt 3/3).
2026-03-11 05:21:20,887 - WARNING - Task Beluga_MCQ_001637: Failed to extract answer (Attempt 1/3).
2026-03-11 05:21:42,805 - WARNING - Task Beluga_MCQ_001639: Failed to extract answer (Attempt 1/3).
2026-03-11 05:21:55,271 - WARNING - Task Beluga_MCQ_001639: Failed to extract answer (Attempt 2/3).
2026-03-11 05:22:07,708 - WARNING - Task Beluga_MCQ_001639: Failed to extract answer (Attempt 3/3).
2026-03-11 05:22:38,312 - WARNING - Task Beluga_MCQ_001643: Failed to extract answer (Attempt 1/3).
2026-03-11 05:22:50,806 - WARNING - Task Beluga_MCQ_001643: Failed to extract answer (Attempt 2/3).
2026-03-11 05:23:03,308 - WARNING - Task Beluga_MCQ_001643: Failed to extract answer (Attempt 3/3).
2026-03-11 05:23:15,623 - WARNING - Task Beluga_MCQ_001644: Failed to extract answer (Attempt 1/3).
2026-03-11 05:23:28,106 - WARNING - Task Beluga_MCQ_001644: Failed to extract answer (Attempt 2/3).
2026-03-11 05:23:40,556 - WARNING - Task Beluga_MCQ_001644: Failed to extract answer (Attempt 3/3).
2026-03-11 05:23:55,255 - WARNING - Task Beluga_MCQ_001646: Failed to extract answer (Attempt 1/3).
2026-03-11 05:24:22,916 - WARNING - Task Beluga_MCQ_001648: Failed to extract answer (Attempt 1/3).
2026-03-11 05:24:35,395 - WARNING - Task Beluga_MCQ_001648: Failed to extract answer (Attempt 2/3).
2026-03-11 05:24:47,848 - WARNING - Task Beluga_MCQ_001648: Failed to extract answer (Attempt 3/3).
2026-03-11 05:25:10,939 - WARNING - Task Beluga_MCQ_001650: Failed to extract answer (Attempt 1/3).
2026-03-11 05:25:23,382 - WARNING - Task Beluga_MCQ_001650: Failed to extract answer (Attempt 2/3).
2026-03-11 05:25:35,846 - WARNING - Task Beluga_MCQ_001650: Failed to extract answer (Attempt 3/3).
2026-03-11 05:26:07,028 - WARNING - Task Beluga_MCQ_001654: Failed to extract answer (Attempt 1/3).
2026-03-11 05:26:19,550 - WARNING - Task Beluga_MCQ_001654: Failed to extract answer (Attempt 2/3).
2026-03-11 05:26:32,095 - WARNING - Task Beluga_MCQ_001654: Failed to extract answer (Attempt 3/3).
2026-03-11 05:27:01,270 - WARNING - Task Beluga_MCQ_001657: Failed to extract answer (Attempt 1/3).
2026-03-11 05:27:13,752 - WARNING - Task Beluga_MCQ_001657: Failed to extract answer (Attempt 2/3).
2026-03-11 05:27:26,247 - WARNING - Task Beluga_MCQ_001657: Failed to extract answer (Attempt 3/3).
2026-03-11 05:27:58,294 - WARNING - Task Beluga_MCQ_001662: Failed to extract answer (Attempt 1/3).
2026-03-11 05:28:28,907 - WARNING - Task Beluga_MCQ_001665: Failed to extract answer (Attempt 1/3).
2026-03-11 05:28:41,371 - WARNING - Task Beluga_MCQ_001665: Failed to extract answer (Attempt 2/3).
2026-03-11 05:28:53,812 - WARNING - Task Beluga_MCQ_001665: Failed to extract answer (Attempt 3/3).
2026-03-11 05:29:17,855 - WARNING - Task Beluga_MCQ_001668: Failed to extract answer (Attempt 1/3).
2026-03-11 05:29:30,365 - WARNING - Task Beluga_MCQ_001668: Failed to extract answer (Attempt 2/3).
2026-03-11 05:29:42,867 - WARNING - Task Beluga_MCQ_001668: Failed to extract answer (Attempt 3/3).
2026-03-11 05:29:55,294 - WARNING - Task Beluga_MCQ_001669: Failed to extract answer (Attempt 1/3).
2026-03-11 05:30:07,785 - WARNING - Task Beluga_MCQ_001669: Failed to extract answer (Attempt 2/3).
2026-03-11 05:30:20,299 - WARNING - Task Beluga_MCQ_001669: Failed to extract answer (Attempt 3/3).
2026-03-11 05:30:32,632 - WARNING - Task Beluga_MCQ_001670: Failed to extract answer (Attempt 1/3).
2026-03-11 05:30:45,121 - WARNING - Task Beluga_MCQ_001670: Failed to extract answer (Attempt 2/3).
2026-03-11 05:30:57,575 - WARNING - Task Beluga_MCQ_001670: Failed to extract answer (Attempt 3/3).
2026-03-11 05:31:10,052 - WARNING - Task Beluga_MCQ_001671: Failed to extract answer (Attempt 1/3).
2026-03-11 05:31:34,267 - WARNING - Task Beluga_MCQ_001672: Failed to extract answer (Attempt 1/3).
2026-03-11 05:31:55,968 - WARNING - Task Beluga_MCQ_001673: Failed to extract answer (Attempt 1/3).
2026-03-11 05:32:33,730 - WARNING - Task Beluga_MCQ_001678: Failed to extract answer (Attempt 1/3).
2026-03-11 05:32:59,396 - WARNING - Task Beluga_MCQ_001681: Failed to extract answer (Attempt 1/3).
2026-03-11 05:33:44,194 - WARNING - Task Beluga_MCQ_001685: Failed to extract answer (Attempt 1/3).
2026-03-11 05:34:23,367 - WARNING - Task Beluga_MCQ_001689: Failed to extract answer (Attempt 1/3).
2026-03-11 05:34:42,362 - WARNING - Task Beluga_MCQ_001690: Failed to extract answer (Attempt 1/3).
2026-03-11 05:35:40,296 - WARNING - Task Beluga_MCQ_001696: Failed to extract answer (Attempt 1/3).
2026-03-11 05:36:50,759 - WARNING - Task Beluga_MCQ_001704: Failed to extract answer (Attempt 1/3).
2026-03-11 05:37:03,221 - WARNING - Task Beluga_MCQ_001704: Failed to extract answer (Attempt 2/3).
2026-03-11 05:37:15,650 - WARNING - Task Beluga_MCQ_001704: Failed to extract answer (Attempt 3/3).
2026-03-11 05:37:28,090 - WARNING - Task Beluga_MCQ_001705: Failed to extract answer (Attempt 1/3).
2026-03-11 05:37:40,566 - WARNING - Task Beluga_MCQ_001705: Failed to extract answer (Attempt 2/3).
2026-03-11 05:37:53,091 - WARNING - Task Beluga_MCQ_001705: Failed to extract answer (Attempt 3/3).
2026-03-11 05:38:05,401 - WARNING - Task Beluga_MCQ_001706: Failed to extract answer (Attempt 1/3).
2026-03-11 05:38:41,647 - WARNING - Task Beluga_MCQ_001710: Failed to extract answer (Attempt 1/3).
2026-03-11 05:38:54,122 - WARNING - Task Beluga_MCQ_001710: Failed to extract answer (Attempt 2/3).
2026-03-11 05:39:06,581 - WARNING - Task Beluga_MCQ_001710: Failed to extract answer (Attempt 3/3).
2026-03-11 05:39:24,975 - WARNING - Task Beluga_MCQ_001712: Failed to extract answer (Attempt 1/3).
2026-03-11 05:39:56,271 - WARNING - Task Beluga_MCQ_001714: Failed to extract answer (Attempt 1/3).
2026-03-11 05:40:08,708 - WARNING - Task Beluga_MCQ_001714: Failed to extract answer (Attempt 2/3).
2026-03-11 05:40:21,148 - WARNING - Task Beluga_MCQ_001714: Failed to extract answer (Attempt 3/3).
2026-03-11 05:40:39,106 - WARNING - Task Beluga_MCQ_001717: Failed to extract answer (Attempt 1/3).
2026-03-11 05:40:51,641 - WARNING - Task Beluga_MCQ_001717: Failed to extract answer (Attempt 2/3).
2026-03-11 05:41:04,128 - WARNING - Task Beluga_MCQ_001717: Failed to extract answer (Attempt 3/3).
2026-03-11 05:41:16,433 - WARNING - Task Beluga_MCQ_001718: Failed to extract answer (Attempt 1/3).
2026-03-11 05:41:29,999 - WARNING - Task Beluga_MCQ_001719: Failed to extract answer (Attempt 1/3).
2026-03-11 05:42:16,339 - WARNING - Task Beluga_MCQ_001723: Failed to extract answer (Attempt 1/3).
2026-03-11 05:42:28,820 - WARNING - Task Beluga_MCQ_001723: Failed to extract answer (Attempt 2/3).
2026-03-11 05:42:41,282 - WARNING - Task Beluga_MCQ_001723: Failed to extract answer (Attempt 3/3).
2026-03-11 05:43:05,226 - WARNING - Task Beluga_MCQ_001725: Failed to extract answer (Attempt 1/3).
2026-03-11 05:43:17,677 - WARNING - Task Beluga_MCQ_001725: Failed to extract answer (Attempt 2/3).
2026-03-11 05:43:30,119 - WARNING - Task Beluga_MCQ_001725: Failed to extract answer (Attempt 3/3).
2026-03-11 05:44:04,705 - WARNING - Task Beluga_MCQ_001729: Failed to extract answer (Attempt 1/3).
2026-03-11 05:44:17,175 - WARNING - Task Beluga_MCQ_001729: Failed to extract answer (Attempt 2/3).
2026-03-11 05:44:29,622 - WARNING - Task Beluga_MCQ_001729: Failed to extract answer (Attempt 3/3).
2026-03-11 05:44:42,059 - WARNING - Task Beluga_MCQ_001730: Failed to extract answer (Attempt 1/3).
2026-03-11 05:44:54,515 - WARNING - Task Beluga_MCQ_001730: Failed to extract answer (Attempt 2/3).
2026-03-11 05:45:06,980 - WARNING - Task Beluga_MCQ_001730: Failed to extract answer (Attempt 3/3).
2026-03-11 05:45:22,829 - WARNING - Task Beluga_MCQ_001734: Failed to extract answer (Attempt 1/3).
2026-03-11 05:45:35,294 - WARNING - Task Beluga_MCQ_001734: Failed to extract answer (Attempt 2/3).
2026-03-11 05:45:47,781 - WARNING - Task Beluga_MCQ_001734: Failed to extract answer (Attempt 3/3).
2026-03-11 05:46:12,310 - WARNING - Task Beluga_MCQ_001739: Failed to extract answer (Attempt 1/3).
2026-03-11 05:46:24,719 - WARNING - Task Beluga_MCQ_001739: Failed to extract answer (Attempt 2/3).
2026-03-11 05:46:37,170 - WARNING - Task Beluga_MCQ_001739: Failed to extract answer (Attempt 3/3).
2026-03-11 05:46:49,559 - WARNING - Task Beluga_MCQ_001740: Failed to extract answer (Attempt 1/3).
2026-03-11 05:47:02,028 - WARNING - Task Beluga_MCQ_001740: Failed to extract answer (Attempt 2/3).
2026-03-11 05:47:14,500 - WARNING - Task Beluga_MCQ_001740: Failed to extract answer (Attempt 3/3).
2026-03-11 05:47:34,205 - WARNING - Task Beluga_MCQ_001743: Failed to extract answer (Attempt 1/3).
2026-03-11 05:48:38,648 - WARNING - Task Beluga_MCQ_001749: Failed to extract answer (Attempt 1/3).
2026-03-11 05:49:20,813 - WARNING - Task Beluga_MCQ_001754: Failed to extract answer (Attempt 1/3).
2026-03-11 05:49:33,387 - WARNING - Task Beluga_MCQ_001754: Failed to extract answer (Attempt 2/3).
2026-03-11 05:49:45,906 - WARNING - Task Beluga_MCQ_001754: Failed to extract answer (Attempt 3/3).
2026-03-11 05:50:13,167 - WARNING - Task Beluga_MCQ_001758: Failed to extract answer (Attempt 1/3).
2026-03-11 05:50:25,617 - WARNING - Task Beluga_MCQ_001758: Failed to extract answer (Attempt 2/3).
2026-03-11 05:50:38,023 - WARNING - Task Beluga_MCQ_001758: Failed to extract answer (Attempt 3/3).
2026-03-11 05:51:02,890 - WARNING - Task Beluga_MCQ_001762: Failed to extract answer (Attempt 1/3).
2026-03-11 05:51:15,409 - WARNING - Task Beluga_MCQ_001762: Failed to extract answer (Attempt 2/3).
2026-03-11 05:51:27,904 - WARNING - Task Beluga_MCQ_001762: Failed to extract answer (Attempt 3/3).
2026-03-11 05:51:40,284 - WARNING - Task Beluga_MCQ_001763: Failed to extract answer (Attempt 1/3).
2026-03-11 05:51:57,885 - WARNING - Task Beluga_MCQ_001764: Failed to extract answer (Attempt 1/3).
2026-03-11 05:52:10,363 - WARNING - Task Beluga_MCQ_001764: Failed to extract answer (Attempt 2/3).
2026-03-11 05:52:22,861 - WARNING - Task Beluga_MCQ_001764: Failed to extract answer (Attempt 3/3).
2026-03-11 05:52:35,332 - WARNING - Task Beluga_MCQ_001765: Failed to extract answer (Attempt 1/3).
2026-03-11 05:52:47,846 - WARNING - Task Beluga_MCQ_001765: Failed to extract answer (Attempt 2/3).
2026-03-11 05:53:00,326 - WARNING - Task Beluga_MCQ_001765: Failed to extract answer (Attempt 3/3).
2026-03-11 05:53:13,272 - WARNING - Task Beluga_MCQ_001767: Failed to extract answer (Attempt 1/3).
2026-03-11 05:53:49,913 - WARNING - Task Beluga_MCQ_001770: Failed to extract answer (Attempt 1/3).
2026-03-11 05:54:02,412 - WARNING - Task Beluga_MCQ_001770: Failed to extract answer (Attempt 2/3).
2026-03-11 05:54:14,911 - WARNING - Task Beluga_MCQ_001770: Failed to extract answer (Attempt 3/3).
2026-03-11 05:54:27,356 - WARNING - Task Beluga_MCQ_001771: Failed to extract answer (Attempt 1/3).
2026-03-11 05:54:39,851 - WARNING - Task Beluga_MCQ_001771: Failed to extract answer (Attempt 2/3).
2026-03-11 05:54:52,445 - WARNING - Task Beluga_MCQ_001771: Failed to extract answer (Attempt 3/3).
2026-03-11 05:55:04,849 - WARNING - Task Beluga_MCQ_001772: Failed to extract answer (Attempt 1/3).
2026-03-11 05:55:17,304 - WARNING - Task Beluga_MCQ_001772: Failed to extract answer (Attempt 2/3).
2026-03-11 05:55:29,762 - WARNING - Task Beluga_MCQ_001772: Failed to extract answer (Attempt 3/3).
2026-03-11 05:55:49,764 - WARNING - Task Beluga_MCQ_001776: Failed to extract answer (Attempt 1/3).
2026-03-11 05:56:05,223 - WARNING - Task Beluga_MCQ_001778: Failed to extract answer (Attempt 1/3).
2026-03-11 05:56:22,371 - WARNING - Task Beluga_MCQ_001780: Failed to extract answer (Attempt 1/3).
2026-03-11 05:56:41,077 - WARNING - Task Beluga_MCQ_001781: Failed to extract answer (Attempt 1/3).
2026-03-11 05:57:20,759 - WARNING - Task Beluga_MCQ_001784: Failed to extract answer (Attempt 1/3).
2026-03-11 05:57:33,199 - WARNING - Task Beluga_MCQ_001784: Failed to extract answer (Attempt 2/3).
2026-03-11 05:57:45,655 - WARNING - Task Beluga_MCQ_001784: Failed to extract answer (Attempt 3/3).
2026-03-11 05:57:58,019 - WARNING - Task Beluga_MCQ_001785: Failed to extract answer (Attempt 1/3).
2026-03-11 05:58:20,338 - WARNING - Task Beluga_MCQ_001786: Failed to extract answer (Attempt 1/3).
2026-03-11 05:58:32,881 - WARNING - Task Beluga_MCQ_001786: Failed to extract answer (Attempt 2/3).
2026-03-11 05:58:45,395 - WARNING - Task Beluga_MCQ_001786: Failed to extract answer (Attempt 3/3).
2026-03-11 05:59:48,637 - WARNING - Task Beluga_MCQ_001797: Failed to extract answer (Attempt 1/3).
2026-03-11 06:00:06,084 - WARNING - Task Beluga_MCQ_001798: Failed to extract answer (Attempt 1/3).
2026-03-11 06:00:18,531 - WARNING - Task Beluga_MCQ_001798: Failed to extract answer (Attempt 2/3).
2026-03-11 06:00:30,978 - WARNING - Task Beluga_MCQ_001798: Failed to extract answer (Attempt 3/3).
2026-03-11 06:01:00,991 - WARNING - Task Beluga_MCQ_001802: Failed to extract answer (Attempt 1/3).
2026-03-11 06:01:19,281 - WARNING - Task Beluga_MCQ_001803: Failed to extract answer (Attempt 1/3).
2026-03-11 06:01:31,746 - WARNING - Task Beluga_MCQ_001803: Failed to extract answer (Attempt 2/3).
2026-03-11 06:01:44,214 - WARNING - Task Beluga_MCQ_001803: Failed to extract answer (Attempt 3/3).
2026-03-11 06:01:56,622 - WARNING - Task Beluga_MCQ_001804: Failed to extract answer (Attempt 1/3).
2026-03-11 06:02:09,115 - WARNING - Task Beluga_MCQ_001804: Failed to extract answer (Attempt 2/3).
2026-03-11 06:02:21,539 - WARNING - Task Beluga_MCQ_001804: Failed to extract answer (Attempt 3/3).
2026-03-11 06:02:35,581 - WARNING - Task Beluga_MCQ_001807: Failed to extract answer (Attempt 1/3).
2026-03-11 06:02:48,082 - WARNING - Task Beluga_MCQ_001807: Failed to extract answer (Attempt 2/3).
2026-03-11 06:03:00,562 - WARNING - Task Beluga_MCQ_001807: Failed to extract answer (Attempt 3/3).
2026-03-11 06:03:12,886 - WARNING - Task Beluga_MCQ_001808: Failed to extract answer (Attempt 1/3).
2026-03-11 06:03:41,705 - WARNING - Task Beluga_MCQ_001812: Failed to extract answer (Attempt 1/3).
2026-03-11 06:03:54,181 - WARNING - Task Beluga_MCQ_001812: Failed to extract answer (Attempt 2/3).
2026-03-11 06:04:06,610 - WARNING - Task Beluga_MCQ_001812: Failed to extract answer (Attempt 3/3).
2026-03-11 06:04:28,036 - WARNING - Task Beluga_MCQ_001814: Failed to extract answer (Attempt 1/3).
2026-03-11 06:04:40,509 - WARNING - Task Beluga_MCQ_001814: Failed to extract answer (Attempt 2/3).
2026-03-11 06:04:52,988 - WARNING - Task Beluga_MCQ_001814: Failed to extract answer (Attempt 3/3).
2026-03-11 06:05:05,398 - WARNING - Task Beluga_MCQ_001815: Failed to extract answer (Attempt 1/3).
2026-03-11 06:05:17,865 - WARNING - Task Beluga_MCQ_001815: Failed to extract answer (Attempt 2/3).
2026-03-11 06:05:30,330 - WARNING - Task Beluga_MCQ_001815: Failed to extract answer (Attempt 3/3).
2026-03-11 06:05:42,757 - WARNING - Task Beluga_MCQ_001816: Failed to extract answer (Attempt 1/3).
2026-03-11 06:05:57,185 - WARNING - Task Beluga_MCQ_001817: Failed to extract answer (Attempt 1/3).
2026-03-11 06:06:16,749 - WARNING - Task Beluga_MCQ_001819: Failed to extract answer (Attempt 1/3).
2026-03-11 06:06:34,435 - WARNING - Task Beluga_MCQ_001820: Failed to extract answer (Attempt 1/3).
2026-03-11 06:06:46,901 - WARNING - Task Beluga_MCQ_001820: Failed to extract answer (Attempt 2/3).
2026-03-11 06:06:59,365 - WARNING - Task Beluga_MCQ_001820: Failed to extract answer (Attempt 3/3).
2026-03-11 06:07:35,719 - WARNING - Task Beluga_MCQ_001826: Failed to extract answer (Attempt 1/3).
2026-03-11 06:07:48,150 - WARNING - Task Beluga_MCQ_001826: Failed to extract answer (Attempt 2/3).
2026-03-11 06:08:00,603 - WARNING - Task Beluga_MCQ_001826: Failed to extract answer (Attempt 3/3).
2026-03-11 06:08:29,539 - WARNING - Task Beluga_MCQ_001830: Failed to extract answer (Attempt 1/3).
2026-03-11 06:09:25,447 - WARNING - Task Beluga_MCQ_001836: Failed to extract answer (Attempt 1/3).
2026-03-11 06:09:37,913 - WARNING - Task Beluga_MCQ_001836: Failed to extract answer (Attempt 2/3).
2026-03-11 06:09:50,419 - WARNING - Task Beluga_MCQ_001836: Failed to extract answer (Attempt 3/3).
2026-03-11 06:10:26,075 - WARNING - Task Beluga_MCQ_001840: Failed to extract answer (Attempt 1/3).
2026-03-11 06:10:38,569 - WARNING - Task Beluga_MCQ_001840: Failed to extract answer (Attempt 2/3).
2026-03-11 06:10:51,007 - WARNING - Task Beluga_MCQ_001840: Failed to extract answer (Attempt 3/3).
2026-03-11 06:11:03,387 - WARNING - Task Beluga_MCQ_001841: Failed to extract answer (Attempt 1/3).
2026-03-11 06:11:27,056 - WARNING - Task Beluga_MCQ_001842: Failed to extract answer (Attempt 1/3).
2026-03-11 06:11:51,427 - WARNING - Task Beluga_MCQ_001844: Failed to extract answer (Attempt 1/3).
2026-03-11 06:12:03,901 - WARNING - Task Beluga_MCQ_001844: Failed to extract answer (Attempt 2/3).
2026-03-11 06:12:16,407 - WARNING - Task Beluga_MCQ_001844: Failed to extract answer (Attempt 3/3).
2026-03-11 06:13:20,293 - WARNING - Task Beluga_MCQ_001855: Failed to extract answer (Attempt 1/3).
2026-03-11 06:13:32,763 - WARNING - Task Beluga_MCQ_001855: Failed to extract answer (Attempt 2/3).
2026-03-11 06:13:45,235 - WARNING - Task Beluga_MCQ_001855: Failed to extract answer (Attempt 3/3).
2026-03-11 06:14:02,286 - WARNING - Task Beluga_MCQ_001857: Failed to extract answer (Attempt 1/3).
2026-03-11 06:15:09,599 - WARNING - Task Beluga_MCQ_001867: Failed to extract answer (Attempt 1/3).
2026-03-11 06:15:29,116 - WARNING - Task Beluga_MCQ_001868: Failed to extract answer (Attempt 1/3).
2026-03-11 06:15:41,587 - WARNING - Task Beluga_MCQ_001868: Failed to extract answer (Attempt 2/3).
2026-03-11 06:15:54,084 - WARNING - Task Beluga_MCQ_001868: Failed to extract answer (Attempt 3/3).
2026-03-11 06:16:14,387 - WARNING - Task Beluga_MCQ_001871: Failed to extract answer (Attempt 1/3).
2026-03-11 06:16:26,835 - WARNING - Task Beluga_MCQ_001871: Failed to extract answer (Attempt 2/3).
2026-03-11 06:16:39,319 - WARNING - Task Beluga_MCQ_001871: Failed to extract answer (Attempt 3/3).
2026-03-11 06:16:51,727 - WARNING - Task Beluga_MCQ_001872: Failed to extract answer (Attempt 1/3).
2026-03-11 06:17:04,220 - WARNING - Task Beluga_MCQ_001872: Failed to extract answer (Attempt 2/3).
2026-03-11 06:17:16,750 - WARNING - Task Beluga_MCQ_001872: Failed to extract answer (Attempt 3/3).
2026-03-11 06:17:54,782 - WARNING - Task Beluga_MCQ_001877: Failed to extract answer (Attempt 1/3).
2026-03-11 06:18:17,721 - WARNING - Task Beluga_MCQ_001878: Failed to extract answer (Attempt 1/3).
2026-03-11 06:18:30,157 - WARNING - Task Beluga_MCQ_001878: Failed to extract answer (Attempt 2/3).
2026-03-11 06:18:42,620 - WARNING - Task Beluga_MCQ_001878: Failed to extract answer (Attempt 3/3).
2026-03-11 06:18:54,933 - WARNING - Task Beluga_MCQ_001879: Failed to extract answer (Attempt 1/3).
2026-03-11 06:19:07,407 - WARNING - Task Beluga_MCQ_001879: Failed to extract answer (Attempt 2/3).
2026-03-11 06:19:19,860 - WARNING - Task Beluga_MCQ_001879: Failed to extract answer (Attempt 3/3).
2026-03-11 06:19:44,128 - WARNING - Task Beluga_MCQ_001883: Failed to extract answer (Attempt 1/3).
2026-03-11 06:19:56,597 - WARNING - Task Beluga_MCQ_001883: Failed to extract answer (Attempt 2/3).
2026-03-11 06:20:09,078 - WARNING - Task Beluga_MCQ_001883: Failed to extract answer (Attempt 3/3).
2026-03-11 06:20:22,369 - WARNING - Task Beluga_MCQ_001885: Failed to extract answer (Attempt 1/3).
2026-03-11 06:20:43,416 - WARNING - Task Beluga_MCQ_001886: Failed to extract answer (Attempt 1/3).
2026-03-11 06:21:31,471 - WARNING - Task Beluga_MCQ_001892: Failed to extract answer (Attempt 1/3).
2026-03-11 06:21:44,000 - WARNING - Task Beluga_MCQ_001892: Failed to extract answer (Attempt 2/3).
2026-03-11 06:21:56,484 - WARNING - Task Beluga_MCQ_001892: Failed to extract answer (Attempt 3/3).
2026-03-11 06:22:45,500 - WARNING - Task Beluga_MCQ_001897: Failed to extract answer (Attempt 1/3).
2026-03-11 06:23:17,078 - WARNING - Task Beluga_MCQ_001902: Failed to extract answer (Attempt 1/3).
2026-03-11 06:23:29,569 - WARNING - Task Beluga_MCQ_001902: Failed to extract answer (Attempt 2/3).
2026-03-11 06:23:42,167 - WARNING - Task Beluga_MCQ_001902: Failed to extract answer (Attempt 3/3).
2026-03-11 06:23:54,610 - WARNING - Task Beluga_MCQ_001903: Failed to extract answer (Attempt 1/3).
2026-03-11 06:24:07,072 - WARNING - Task Beluga_MCQ_001903: Failed to extract answer (Attempt 2/3).
2026-03-11 06:24:19,563 - WARNING - Task Beluga_MCQ_001903: Failed to extract answer (Attempt 3/3).
2026-03-11 06:25:18,733 - WARNING - Task Beluga_MCQ_001912: Failed to extract answer (Attempt 1/3).
2026-03-11 06:25:41,731 - WARNING - Task Beluga_MCQ_001913: Failed to extract answer (Attempt 1/3).
2026-03-11 06:26:39,104 - WARNING - Task Beluga_MCQ_001919: Failed to extract answer (Attempt 1/3).
2026-03-11 06:26:52,232 - WARNING - Task Beluga_MCQ_001920: Failed to extract answer (Attempt 1/3).
2026-03-11 06:27:04,717 - WARNING - Task Beluga_MCQ_001920: Failed to extract answer (Attempt 2/3).
2026-03-11 06:27:17,214 - WARNING - Task Beluga_MCQ_001920: Failed to extract answer (Attempt 3/3).
2026-03-11 06:27:29,626 - WARNING - Task Beluga_MCQ_001921: Failed to extract answer (Attempt 1/3).
2026-03-11 06:27:42,122 - WARNING - Task Beluga_MCQ_001921: Failed to extract answer (Attempt 2/3).
2026-03-11 06:27:54,588 - WARNING - Task Beluga_MCQ_001921: Failed to extract answer (Attempt 3/3).
2026-03-11 06:28:34,888 - WARNING - Task Beluga_MCQ_001926: Failed to extract answer (Attempt 1/3).
2026-03-11 06:29:06,091 - WARNING - Task Beluga_MCQ_001928: Failed to extract answer (Attempt 1/3).
2026-03-11 06:29:18,525 - WARNING - Task Beluga_MCQ_001928: Failed to extract answer (Attempt 2/3).
2026-03-11 06:29:30,974 - WARNING - Task Beluga_MCQ_001928: Failed to extract answer (Attempt 3/3).
2026-03-11 06:29:45,181 - WARNING - Task Beluga_MCQ_001931: Failed to extract answer (Attempt 1/3).
2026-03-11 06:29:57,659 - WARNING - Task Beluga_MCQ_001931: Failed to extract answer (Attempt 2/3).
2026-03-11 06:30:10,125 - WARNING - Task Beluga_MCQ_001931: Failed to extract answer (Attempt 3/3).
2026-03-11 06:30:22,577 - WARNING - Task Beluga_MCQ_001932: Failed to extract answer (Attempt 1/3).
2026-03-11 06:30:35,053 - WARNING - Task Beluga_MCQ_001932: Failed to extract answer (Attempt 2/3).
2026-03-11 06:30:47,519 - WARNING - Task Beluga_MCQ_001932: Failed to extract answer (Attempt 3/3).
2026-03-11 06:31:30,881 - WARNING - Task Beluga_MCQ_001941: Failed to extract answer (Attempt 1/3).
2026-03-11 06:31:46,982 - WARNING - Task Beluga_MCQ_001942: Failed to extract answer (Attempt 1/3).
2026-03-11 06:31:59,456 - WARNING - Task Beluga_MCQ_001942: Failed to extract answer (Attempt 2/3).
2026-03-11 06:32:11,927 - WARNING - Task Beluga_MCQ_001942: Failed to extract answer (Attempt 3/3).
2026-03-11 06:32:34,903 - WARNING - Task Beluga_MCQ_001945: Failed to extract answer (Attempt 1/3).
2026-03-11 06:32:59,249 - WARNING - Task Beluga_MCQ_001946: Failed to extract answer (Attempt 1/3).
2026-03-11 06:33:11,713 - WARNING - Task Beluga_MCQ_001946: Failed to extract answer (Attempt 2/3).
2026-03-11 06:33:24,237 - WARNING - Task Beluga_MCQ_001946: Failed to extract answer (Attempt 3/3).
2026-03-11 06:33:36,591 - WARNING - Task Beluga_MCQ_001947: Failed to extract answer (Attempt 1/3).
2026-03-11 06:33:58,496 - WARNING - Task Beluga_MCQ_001950: Failed to extract answer (Attempt 1/3).
2026-03-11 06:34:10,977 - WARNING - Task Beluga_MCQ_001950: Failed to extract answer (Attempt 2/3).
2026-03-11 06:34:23,447 - WARNING - Task Beluga_MCQ_001950: Failed to extract answer (Attempt 3/3).
2026-03-11 06:34:49,306 - WARNING - Task Beluga_MCQ_001956: Failed to extract answer (Attempt 1/3).
2026-03-11 06:35:29,612 - WARNING - Task Beluga_MCQ_001962: Failed to extract answer (Attempt 1/3).
2026-03-11 06:36:02,180 - WARNING - Task Beluga_MCQ_001964: Failed to extract answer (Attempt 1/3).
2026-03-11 06:36:14,662 - WARNING - Task Beluga_MCQ_001964: Failed to extract answer (Attempt 2/3).
2026-03-11 06:36:27,181 - WARNING - Task Beluga_MCQ_001964: Failed to extract answer (Attempt 3/3).
2026-03-11 06:37:03,550 - WARNING - Task Beluga_MCQ_001969: Failed to extract answer (Attempt 1/3).
2026-03-11 06:37:43,287 - WARNING - Task Beluga_MCQ_001972: Failed to extract answer (Attempt 1/3).
2026-03-11 06:37:55,749 - WARNING - Task Beluga_MCQ_001972: Failed to extract answer (Attempt 2/3).
2026-03-11 06:38:08,351 - WARNING - Task Beluga_MCQ_001972: Failed to extract answer (Attempt 3/3).
2026-03-11 06:38:22,111 - WARNING - Task Beluga_MCQ_001975: Failed to extract answer (Attempt 1/3).
2026-03-11 06:38:34,562 - WARNING - Task Beluga_MCQ_001975: Failed to extract answer (Attempt 2/3).
2026-03-11 06:38:47,067 - WARNING - Task Beluga_MCQ_001975: Failed to extract answer (Attempt 3/3).
2026-03-11 06:39:18,631 - WARNING - Task Beluga_MCQ_001979: Failed to extract answer (Attempt 1/3).
2026-03-11 06:39:31,074 - WARNING - Task Beluga_MCQ_001979: Failed to extract answer (Attempt 2/3).
2026-03-11 06:39:43,550 - WARNING - Task Beluga_MCQ_001979: Failed to extract answer (Attempt 3/3).
2026-03-11 06:40:08,206 - WARNING - Task Beluga_MCQ_001983: Failed to extract answer (Attempt 1/3).
2026-03-11 06:40:20,644 - WARNING - Task Beluga_MCQ_001983: Failed to extract answer (Attempt 2/3).
2026-03-11 06:40:33,102 - WARNING - Task Beluga_MCQ_001983: Failed to extract answer (Attempt 3/3).
2026-03-11 06:40:45,517 - WARNING - Task Beluga_MCQ_001984: Failed to extract answer (Attempt 1/3).
2026-03-11 06:40:57,977 - WARNING - Task Beluga_MCQ_001984: Failed to extract answer (Attempt 2/3).
2026-03-11 06:41:10,474 - WARNING - Task Beluga_MCQ_001984: Failed to extract answer (Attempt 3/3).
2026-03-11 06:41:22,872 - WARNING - Task Beluga_MCQ_001985: Failed to extract answer (Attempt 1/3).
2026-03-11 06:41:40,048 - WARNING - Task Beluga_MCQ_001987: Failed to extract answer (Attempt 1/3).
2026-03-11 06:41:52,504 - WARNING - Task Beluga_MCQ_001987: Failed to extract answer (Attempt 2/3).
2026-03-11 06:42:04,982 - WARNING - Task Beluga_MCQ_001987: Failed to extract answer (Attempt 3/3).
2026-03-11 06:42:20,137 - WARNING - Task Beluga_MCQ_001990: Failed to extract answer (Attempt 1/3).
2026-03-11 06:42:55,778 - WARNING - Task Beluga_MCQ_001993: Failed to extract answer (Attempt 1/3).
2026-03-11 06:43:08,263 - WARNING - Task Beluga_MCQ_001993: Failed to extract answer (Attempt 2/3).
2026-03-11 06:43:20,744 - WARNING - Task Beluga_MCQ_001993: Failed to extract answer (Attempt 3/3).
2026-03-11 06:43:33,081 - WARNING - Task Beluga_MCQ_001994: Failed to extract answer (Attempt 1/3).
2026-03-11 06:43:45,545 - WARNING - Task Beluga_MCQ_001994: Failed to extract answer (Attempt 2/3).
2026-03-11 06:43:58,045 - WARNING - Task Beluga_MCQ_001994: Failed to extract answer (Attempt 3/3).
2026-03-11 06:44:10,457 - WARNING - Task Beluga_MCQ_001995: Failed to extract answer (Attempt 1/3).
2026-03-11 06:44:22,959 - WARNING - Task Beluga_MCQ_001995: Failed to extract answer (Attempt 2/3).
2026-03-11 06:44:35,442 - WARNING - Task Beluga_MCQ_001995: Failed to extract answer (Attempt 3/3).
2026-03-11 06:44:47,846 - WARNING - Task Beluga_MCQ_001996: Failed to extract answer (Attempt 1/3).
2026-03-11 06:45:19,549 - WARNING - Task Beluga_MCQ_002001: Failed to extract answer (Attempt 1/3).
2026-03-11 06:45:32,048 - WARNING - Task Beluga_MCQ_002001: Failed to extract answer (Attempt 2/3).
2026-03-11 06:45:44,542 - WARNING - Task Beluga_MCQ_002001: Failed to extract answer (Attempt 3/3).
2026-03-11 06:46:09,322 - WARNING - Task Beluga_MCQ_002004: Failed to extract answer (Attempt 1/3).
2026-03-11 06:46:21,842 - WARNING - Task Beluga_MCQ_002004: Failed to extract answer (Attempt 2/3).
2026-03-11 06:46:34,301 - WARNING - Task Beluga_MCQ_002004: Failed to extract answer (Attempt 3/3).
2026-03-11 06:46:46,736 - WARNING - Task Beluga_MCQ_002005: Failed to extract answer (Attempt 1/3).
2026-03-11 06:47:05,536 - WARNING - Task Beluga_MCQ_002006: Failed to extract answer (Attempt 1/3).
2026-03-11 06:47:31,668 - WARNING - Task Beluga_MCQ_002008: Failed to extract answer (Attempt 1/3).
2026-03-11 06:47:44,133 - WARNING - Task Beluga_MCQ_002008: Failed to extract answer (Attempt 2/3).
2026-03-11 06:47:56,618 - WARNING - Task Beluga_MCQ_002008: Failed to extract answer (Attempt 3/3).
2026-03-11 06:48:28,067 - WARNING - Task Beluga_MCQ_002011: Failed to extract answer (Attempt 1/3).
2026-03-11 06:49:06,805 - WARNING - Task Beluga_MCQ_002014: Failed to extract answer (Attempt 1/3).
2026-03-11 06:49:19,286 - WARNING - Task Beluga_MCQ_002014: Failed to extract answer (Attempt 2/3).
2026-03-11 06:49:31,763 - WARNING - Task Beluga_MCQ_002014: Failed to extract answer (Attempt 3/3).
2026-03-11 06:49:44,161 - WARNING - Task Beluga_MCQ_002015: Failed to extract answer (Attempt 1/3).
2026-03-11 06:50:11,616 - WARNING - Task Beluga_MCQ_002017: Failed to extract answer (Attempt 1/3).
2026-03-11 06:50:24,078 - WARNING - Task Beluga_MCQ_002017: Failed to extract answer (Attempt 2/3).
2026-03-11 06:50:36,551 - WARNING - Task Beluga_MCQ_002017: Failed to extract answer (Attempt 3/3).
2026-03-11 06:50:48,967 - WARNING - Task Beluga_MCQ_002018: Failed to extract answer (Attempt 1/3).
2026-03-11 06:51:01,448 - WARNING - Task Beluga_MCQ_002018: Failed to extract answer (Attempt 2/3).
2026-03-11 06:51:13,916 - WARNING - Task Beluga_MCQ_002018: Failed to extract answer (Attempt 3/3).
2026-03-11 06:51:34,810 - WARNING - Task Beluga_MCQ_002020: Failed to extract answer (Attempt 1/3).
2026-03-11 06:51:54,936 - WARNING - Task Beluga_MCQ_002021: Failed to extract answer (Attempt 1/3).
2026-03-11 06:52:07,398 - WARNING - Task Beluga_MCQ_002021: Failed to extract answer (Attempt 2/3).
2026-03-11 06:52:19,862 - WARNING - Task Beluga_MCQ_002021: Failed to extract answer (Attempt 3/3).
2026-03-11 06:52:33,280 - WARNING - Task Beluga_MCQ_002023: Failed to extract answer (Attempt 1/3).
2026-03-11 06:52:49,441 - WARNING - Task Beluga_MCQ_002024: Failed to extract answer (Attempt 1/3).
2026-03-11 06:53:01,907 - WARNING - Task Beluga_MCQ_002024: Failed to extract answer (Attempt 2/3).
2026-03-11 06:53:14,388 - WARNING - Task Beluga_MCQ_002024: Failed to extract answer (Attempt 3/3).
2026-03-11 06:53:58,990 - WARNING - Task Beluga_MCQ_002033: Failed to extract answer (Attempt 1/3).
2026-03-11 06:54:29,944 - WARNING - Task Beluga_MCQ_002037: Failed to extract answer (Attempt 1/3).
2026-03-11 06:54:42,420 - WARNING - Task Beluga_MCQ_002037: Failed to extract answer (Attempt 2/3).
2026-03-11 06:54:54,885 - WARNING - Task Beluga_MCQ_002037: Failed to extract answer (Attempt 3/3).
2026-03-11 06:55:07,273 - WARNING - Task Beluga_MCQ_002038: Failed to extract answer (Attempt 1/3).
2026-03-11 06:55:41,482 - WARNING - Task Beluga_MCQ_002041: Failed to extract answer (Attempt 1/3).
2026-03-11 06:56:05,568 - WARNING - Task Beluga_MCQ_002042: Failed to extract answer (Attempt 1/3).
2026-03-11 06:56:18,027 - WARNING - Task Beluga_MCQ_002042: Failed to extract answer (Attempt 2/3).
2026-03-11 06:56:30,502 - WARNING - Task Beluga_MCQ_002042: Failed to extract answer (Attempt 3/3).
2026-03-11 06:56:53,454 - WARNING - Task Beluga_MCQ_002045: Failed to extract answer (Attempt 1/3).
2026-03-11 06:57:05,951 - WARNING - Task Beluga_MCQ_002045: Failed to extract answer (Attempt 2/3).
2026-03-11 06:57:18,418 - WARNING - Task Beluga_MCQ_002045: Failed to extract answer (Attempt 3/3).
2026-03-11 06:57:50,157 - WARNING - Task Beluga_MCQ_002051: Failed to extract answer (Attempt 1/3).
2026-03-11 06:58:09,238 - WARNING - Task Beluga_MCQ_002052: Failed to extract answer (Attempt 1/3).
2026-03-11 06:58:31,670 - WARNING - Task Beluga_MCQ_002054: Failed to extract answer (Attempt 1/3).
2026-03-11 06:58:44,104 - WARNING - Task Beluga_MCQ_002054: Failed to extract answer (Attempt 2/3).
2026-03-11 06:58:56,581 - WARNING - Task Beluga_MCQ_002054: Failed to extract answer (Attempt 3/3).
2026-03-11 06:59:29,680 - WARNING - Task Beluga_MCQ_002058: Failed to extract answer (Attempt 1/3).
2026-03-11 06:59:42,111 - WARNING - Task Beluga_MCQ_002058: Failed to extract answer (Attempt 2/3).
2026-03-11 06:59:54,577 - WARNING - Task Beluga_MCQ_002058: Failed to extract answer (Attempt 3/3).
2026-03-11 07:00:06,912 - WARNING - Task Beluga_MCQ_002059: Failed to extract answer (Attempt 1/3).
2026-03-11 07:00:19,408 - WARNING - Task Beluga_MCQ_002059: Failed to extract answer (Attempt 2/3).
2026-03-11 07:00:31,891 - WARNING - Task Beluga_MCQ_002059: Failed to extract answer (Attempt 3/3).
2026-03-11 07:01:31,669 - WARNING - Task Beluga_MCQ_002069: Failed to extract answer (Attempt 1/3).
2026-03-11 07:01:44,198 - WARNING - Task Beluga_MCQ_002069: Failed to extract answer (Attempt 2/3).
2026-03-11 07:01:56,668 - WARNING - Task Beluga_MCQ_002069: Failed to extract answer (Attempt 3/3).
2026-03-11 07:02:27,395 - WARNING - Task Beluga_MCQ_002072: Failed to extract answer (Attempt 1/3).
2026-03-11 07:02:39,870 - WARNING - Task Beluga_MCQ_002072: Failed to extract answer (Attempt 2/3).
2026-03-11 07:02:52,367 - WARNING - Task Beluga_MCQ_002072: Failed to extract answer (Attempt 3/3).
2026-03-11 07:03:04,798 - WARNING - Task Beluga_MCQ_002073: Failed to extract answer (Attempt 1/3).
2026-03-11 07:03:48,868 - WARNING - Task Beluga_MCQ_002079: Failed to extract answer (Attempt 1/3).
2026-03-11 07:04:01,355 - WARNING - Task Beluga_MCQ_002079: Failed to extract answer (Attempt 2/3).
2026-03-11 07:04:13,838 - WARNING - Task Beluga_MCQ_002079: Failed to extract answer (Attempt 3/3).
2026-03-11 07:04:26,167 - WARNING - Task Beluga_MCQ_002080: Failed to extract answer (Attempt 1/3).
2026-03-11 07:04:38,621 - WARNING - Task Beluga_MCQ_002080: Failed to extract answer (Attempt 2/3).
2026-03-11 07:04:51,087 - WARNING - Task Beluga_MCQ_002080: Failed to extract answer (Attempt 3/3).
2026-03-11 07:05:03,408 - WARNING - Task Beluga_MCQ_002081: Failed to extract answer (Attempt 1/3).
2026-03-11 07:05:24,972 - WARNING - Task Beluga_MCQ_002083: Failed to extract answer (Attempt 1/3).
2026-03-11 07:05:37,426 - WARNING - Task Beluga_MCQ_002083: Failed to extract answer (Attempt 2/3).
2026-03-11 07:05:49,866 - WARNING - Task Beluga_MCQ_002083: Failed to extract answer (Attempt 3/3).
2026-03-11 07:06:09,232 - WARNING - Task Beluga_MCQ_002086: Failed to extract answer (Attempt 1/3).
2026-03-11 07:06:21,682 - WARNING - Task Beluga_MCQ_002086: Failed to extract answer (Attempt 2/3).
2026-03-11 07:06:34,133 - WARNING - Task Beluga_MCQ_002086: Failed to extract answer (Attempt 3/3).
2026-03-11 07:07:10,930 - WARNING - Task Beluga_MCQ_002092: Failed to extract answer (Attempt 1/3).
2026-03-11 07:07:23,408 - WARNING - Task Beluga_MCQ_002092: Failed to extract answer (Attempt 2/3).
2026-03-11 07:07:35,905 - WARNING - Task Beluga_MCQ_002092: Failed to extract answer (Attempt 3/3).
2026-03-11 07:07:55,177 - WARNING - Task Beluga_MCQ_002094: Failed to extract answer (Attempt 1/3).
2026-03-11 07:08:07,633 - WARNING - Task Beluga_MCQ_002094: Failed to extract answer (Attempt 2/3).
2026-03-11 07:08:20,101 - WARNING - Task Beluga_MCQ_002094: Failed to extract answer (Attempt 3/3).
2026-03-11 07:08:32,577 - WARNING - Task Beluga_MCQ_002095: Failed to extract answer (Attempt 1/3).
2026-03-11 07:08:45,120 - WARNING - Task Beluga_MCQ_002095: Failed to extract answer (Attempt 2/3).
2026-03-11 07:08:57,636 - WARNING - Task Beluga_MCQ_002095: Failed to extract answer (Attempt 3/3).
2026-03-11 07:09:24,193 - WARNING - Task Beluga_MCQ_002099: Failed to extract answer (Attempt 1/3).
2026-03-11 07:09:36,658 - WARNING - Task Beluga_MCQ_002099: Failed to extract answer (Attempt 2/3).
2026-03-11 07:09:49,135 - WARNING - Task Beluga_MCQ_002099: Failed to extract answer (Attempt 3/3).
2026-03-11 07:10:01,430 - WARNING - Task Beluga_MCQ_002100: Failed to extract answer (Attempt 1/3).
2026-03-11 07:11:00,682 - WARNING - Task Beluga_MCQ_002111: Failed to extract answer (Attempt 1/3).
2026-03-11 07:11:13,103 - WARNING - Task Beluga_MCQ_002111: Failed to extract answer (Attempt 2/3).
2026-03-11 07:11:25,538 - WARNING - Task Beluga_MCQ_002111: Failed to extract answer (Attempt 3/3).
2026-03-11 07:11:44,643 - WARNING - Task Beluga_MCQ_002114: Failed to extract answer (Attempt 1/3).
2026-03-11 07:11:57,095 - WARNING - Task Beluga_MCQ_002114: Failed to extract answer (Attempt 2/3).
2026-03-11 07:12:09,553 - WARNING - Task Beluga_MCQ_002114: Failed to extract answer (Attempt 3/3).
2026-03-11 07:12:30,788 - WARNING - Task Beluga_MCQ_002117: Failed to extract answer (Attempt 1/3).
2026-03-11 07:12:47,351 - WARNING - Task Beluga_MCQ_002118: Failed to extract answer (Attempt 1/3).
2026-03-11 07:13:08,265 - WARNING - Task Beluga_MCQ_002119: Failed to extract answer (Attempt 1/3).
2026-03-11 07:13:41,092 - WARNING - Task Beluga_MCQ_002122: Failed to extract answer (Attempt 1/3).
2026-03-11 07:14:03,491 - WARNING - Task Beluga_MCQ_002123: Failed to extract answer (Attempt 1/3).
2026-03-11 07:14:31,884 - WARNING - Task Beluga_MCQ_002125: Failed to extract answer (Attempt 1/3).
2026-03-11 07:14:59,676 - WARNING - Task Beluga_MCQ_002127: Failed to extract answer (Attempt 1/3).
2026-03-11 07:15:12,158 - WARNING - Task Beluga_MCQ_002127: Failed to extract answer (Attempt 2/3).
2026-03-11 07:15:24,661 - WARNING - Task Beluga_MCQ_002127: Failed to extract answer (Attempt 3/3).
2026-03-11 07:15:46,334 - WARNING - Task Beluga_MCQ_002130: Failed to extract answer (Attempt 1/3).
2026-03-11 07:15:58,768 - WARNING - Task Beluga_MCQ_002130: Failed to extract answer (Attempt 2/3).
2026-03-11 07:16:11,260 - WARNING - Task Beluga_MCQ_002130: Failed to extract answer (Attempt 3/3).
2026-03-11 07:16:23,728 - WARNING - Task Beluga_MCQ_002131: Failed to extract answer (Attempt 1/3).
2026-03-11 07:17:03,034 - WARNING - Task Beluga_MCQ_002135: Failed to extract answer (Attempt 1/3).
2026-03-11 07:17:15,512 - WARNING - Task Beluga_MCQ_002135: Failed to extract answer (Attempt 2/3).
2026-03-11 07:17:27,992 - WARNING - Task Beluga_MCQ_002135: Failed to extract answer (Attempt 3/3).
2026-03-11 07:17:40,311 - WARNING - Task Beluga_MCQ_002136: Failed to extract answer (Attempt 1/3).
2026-03-11 07:17:52,775 - WARNING - Task Beluga_MCQ_002136: Failed to extract answer (Attempt 2/3).
2026-03-11 07:18:05,249 - WARNING - Task Beluga_MCQ_002136: Failed to extract answer (Attempt 3/3).
2026-03-11 07:18:27,267 - WARNING - Task Beluga_MCQ_002138: Failed to extract answer (Attempt 1/3).
2026-03-11 07:18:39,753 - WARNING - Task Beluga_MCQ_002138: Failed to extract answer (Attempt 2/3).
2026-03-11 07:18:52,243 - WARNING - Task Beluga_MCQ_002138: Failed to extract answer (Attempt 3/3).
2026-03-11 07:19:10,629 - WARNING - Task Beluga_MCQ_002140: Failed to extract answer (Attempt 1/3).
2026-03-11 07:19:23,110 - WARNING - Task Beluga_MCQ_002140: Failed to extract answer (Attempt 2/3).
2026-03-11 07:19:35,614 - WARNING - Task Beluga_MCQ_002140: Failed to extract answer (Attempt 3/3).
2026-03-11 07:19:48,060 - WARNING - Task Beluga_MCQ_002141: Failed to extract answer (Attempt 1/3).
2026-03-11 07:20:00,518 - WARNING - Task Beluga_MCQ_002141: Failed to extract answer (Attempt 2/3).
2026-03-11 07:20:13,027 - WARNING - Task Beluga_MCQ_002141: Failed to extract answer (Attempt 3/3).
2026-03-11 07:20:25,435 - WARNING - Task Beluga_MCQ_002142: Failed to extract answer (Attempt 1/3).
2026-03-11 07:20:37,927 - WARNING - Task Beluga_MCQ_002142: Failed to extract answer (Attempt 2/3).
2026-03-11 07:20:50,430 - WARNING - Task Beluga_MCQ_002142: Failed to extract answer (Attempt 3/3).
2026-03-11 07:21:03,027 - WARNING - Task Beluga_MCQ_002143: Failed to extract answer (Attempt 1/3).
2026-03-11 07:21:15,486 - WARNING - Task Beluga_MCQ_002143: Failed to extract answer (Attempt 2/3).
2026-03-11 07:21:27,992 - WARNING - Task Beluga_MCQ_002143: Failed to extract answer (Attempt 3/3).
2026-03-11 07:22:03,618 - WARNING - Task Beluga_MCQ_002146: Failed to extract answer (Attempt 1/3).
2026-03-11 07:22:23,406 - WARNING - Task Beluga_MCQ_002148: Failed to extract answer (Attempt 1/3).
2026-03-11 07:22:37,865 - WARNING - Task Beluga_MCQ_002149: Failed to extract answer (Attempt 1/3).
2026-03-11 07:23:07,643 - WARNING - Task Beluga_MCQ_002152: Failed to extract answer (Attempt 1/3).
2026-03-11 07:23:58,951 - WARNING - Task Beluga_MCQ_002159: Failed to extract answer (Attempt 1/3).
2026-03-11 07:24:29,891 - WARNING - Task Beluga_MCQ_002164: Failed to extract answer (Attempt 1/3).
2026-03-11 07:25:05,799 - WARNING - Task Beluga_MCQ_002168: Failed to extract answer (Attempt 1/3).
2026-03-11 07:25:18,228 - WARNING - Task Beluga_MCQ_002168: Failed to extract answer (Attempt 2/3).
2026-03-11 07:25:30,683 - WARNING - Task Beluga_MCQ_002168: Failed to extract answer (Attempt 3/3).
2026-03-11 07:25:43,053 - WARNING - Task Beluga_MCQ_002169: Failed to extract answer (Attempt 1/3).
2026-03-11 07:25:55,533 - WARNING - Task Beluga_MCQ_002169: Failed to extract answer (Attempt 2/3).
2026-03-11 07:26:07,976 - WARNING - Task Beluga_MCQ_002169: Failed to extract answer (Attempt 3/3).
2026-03-11 07:26:20,397 - WARNING - Task Beluga_MCQ_002170: Failed to extract answer (Attempt 1/3).
2026-03-11 07:26:38,137 - WARNING - Task Beluga_MCQ_002171: Failed to extract answer (Attempt 1/3).
2026-03-11 07:26:53,606 - WARNING - Task Beluga_MCQ_002172: Failed to extract answer (Attempt 1/3).
2026-03-11 07:27:06,106 - WARNING - Task Beluga_MCQ_002172: Failed to extract answer (Attempt 2/3).
2026-03-11 07:27:18,603 - WARNING - Task Beluga_MCQ_002172: Failed to extract answer (Attempt 3/3).
2026-03-11 07:27:31,048 - WARNING - Task Beluga_MCQ_002173: Failed to extract answer (Attempt 1/3).
2026-03-11 07:27:54,617 - WARNING - Task Beluga_MCQ_002174: Failed to extract answer (Attempt 1/3).
2026-03-11 07:28:07,103 - WARNING - Task Beluga_MCQ_002174: Failed to extract answer (Attempt 2/3).
2026-03-11 07:28:19,579 - WARNING - Task Beluga_MCQ_002174: Failed to extract answer (Attempt 3/3).
2026-03-11 07:28:43,275 - WARNING - Task Beluga_MCQ_002178: Failed to extract answer (Attempt 1/3).
2026-03-11 07:29:05,393 - WARNING - Task Beluga_MCQ_002180: Failed to extract answer (Attempt 1/3).
2026-03-11 07:29:17,879 - WARNING - Task Beluga_MCQ_002180: Failed to extract answer (Attempt 2/3).
2026-03-11 07:29:30,391 - WARNING - Task Beluga_MCQ_002180: Failed to extract answer (Attempt 3/3).
2026-03-11 07:29:42,882 - WARNING - Task Beluga_MCQ_002181: Failed to extract answer (Attempt 1/3).
2026-03-11 07:29:55,416 - WARNING - Task Beluga_MCQ_002181: Failed to extract answer (Attempt 2/3).
2026-03-11 07:30:07,916 - WARNING - Task Beluga_MCQ_002181: Failed to extract answer (Attempt 3/3).
2026-03-11 07:30:33,605 - WARNING - Task Beluga_MCQ_002185: Failed to extract answer (Attempt 1/3).
2026-03-11 07:30:49,029 - WARNING - Task Beluga_MCQ_002186: Failed to extract answer (Attempt 1/3).
2026-03-11 07:31:01,508 - WARNING - Task Beluga_MCQ_002186: Failed to extract answer (Attempt 2/3).
2026-03-11 07:31:14,012 - WARNING - Task Beluga_MCQ_002186: Failed to extract answer (Attempt 3/3).
2026-03-11 07:31:26,330 - WARNING - Task Beluga_MCQ_002187: Failed to extract answer (Attempt 1/3).
2026-03-11 07:31:44,153 - WARNING - Task Beluga_MCQ_002188: Failed to extract answer (Attempt 1/3).
2026-03-11 07:32:12,039 - WARNING - Task Beluga_MCQ_002191: Failed to extract answer (Attempt 1/3).
2026-03-11 07:32:24,476 - WARNING - Task Beluga_MCQ_002191: Failed to extract answer (Attempt 2/3).
2026-03-11 07:32:36,965 - WARNING - Task Beluga_MCQ_002191: Failed to extract answer (Attempt 3/3).
2026-03-11 07:33:00,135 - WARNING - Task Beluga_MCQ_002194: Failed to extract answer (Attempt 1/3).
2026-03-11 07:33:23,821 - WARNING - Task Beluga_MCQ_002195: Failed to extract answer (Attempt 1/3).
2026-03-11 07:33:36,277 - WARNING - Task Beluga_MCQ_002195: Failed to extract answer (Attempt 2/3).
2026-03-11 07:33:48,722 - WARNING - Task Beluga_MCQ_002195: Failed to extract answer (Attempt 3/3).
2026-03-11 07:34:09,392 - WARNING - Task Beluga_MCQ_002197: Failed to extract answer (Attempt 1/3).
2026-03-11 07:34:21,849 - WARNING - Task Beluga_MCQ_002197: Failed to extract answer (Attempt 2/3).
2026-03-11 07:34:34,301 - WARNING - Task Beluga_MCQ_002197: Failed to extract answer (Attempt 3/3).
2026-03-11 07:34:46,637 - WARNING - Task Beluga_MCQ_002198: Failed to extract answer (Attempt 1/3).
2026-03-11 07:34:59,140 - WARNING - Task Beluga_MCQ_002198: Failed to extract answer (Attempt 2/3).
2026-03-11 07:35:11,718 - WARNING - Task Beluga_MCQ_002198: Failed to extract answer (Attempt 3/3).
2026-03-11 07:35:25,064 - WARNING - Task Beluga_MCQ_002200: Failed to extract answer (Attempt 1/3).
2026-03-11 07:35:37,555 - WARNING - Task Beluga_MCQ_002200: Failed to extract answer (Attempt 2/3).
2026-03-11 07:35:50,042 - WARNING - Task Beluga_MCQ_002200: Failed to extract answer (Attempt 3/3).
2026-03-11 07:36:02,468 - WARNING - Task Beluga_MCQ_002201: Failed to extract answer (Attempt 1/3).
2026-03-11 07:36:14,954 - WARNING - Task Beluga_MCQ_002201: Failed to extract answer (Attempt 2/3).
2026-03-11 07:36:27,451 - WARNING - Task Beluga_MCQ_002201: Failed to extract answer (Attempt 3/3).
2026-03-11 07:36:39,775 - WARNING - Task Beluga_MCQ_002202: Failed to extract answer (Attempt 1/3).
2026-03-11 07:36:52,259 - WARNING - Task Beluga_MCQ_002202: Failed to extract answer (Attempt 2/3).
2026-03-11 07:37:04,796 - WARNING - Task Beluga_MCQ_002202: Failed to extract answer (Attempt 3/3).
2026-03-11 07:37:29,730 - WARNING - Task Beluga_MCQ_002207: Failed to extract answer (Attempt 1/3).
2026-03-11 07:38:59,966 - WARNING - Task Beluga_MCQ_002221: Failed to extract answer (Attempt 1/3).
2026-03-11 07:39:12,417 - WARNING - Task Beluga_MCQ_002221: Failed to extract answer (Attempt 2/3).
2026-03-11 07:39:24,833 - WARNING - Task Beluga_MCQ_002221: Failed to extract answer (Attempt 3/3).
2026-03-11 07:39:37,251 - WARNING - Task Beluga_MCQ_002222: Failed to extract answer (Attempt 1/3).
2026-03-11 07:39:49,690 - WARNING - Task Beluga_MCQ_002222: Failed to extract answer (Attempt 2/3).
2026-03-11 07:40:02,194 - WARNING - Task Beluga_MCQ_002222: Failed to extract answer (Attempt 3/3).
2026-03-11 07:40:18,898 - WARNING - Task Beluga_MCQ_002225: Failed to extract answer (Attempt 1/3).
2026-03-11 07:40:31,362 - WARNING - Task Beluga_MCQ_002225: Failed to extract answer (Attempt 2/3).
2026-03-11 07:40:43,790 - WARNING - Task Beluga_MCQ_002225: Failed to extract answer (Attempt 3/3).
2026-03-11 07:41:03,012 - WARNING - Task Beluga_MCQ_002227: Failed to extract answer (Attempt 1/3).
2026-03-11 07:41:21,313 - WARNING - Task Beluga_MCQ_002228: Failed to extract answer (Attempt 1/3).
2026-03-11 07:41:33,778 - WARNING - Task Beluga_MCQ_002228: Failed to extract answer (Attempt 2/3).
2026-03-11 07:41:46,260 - WARNING - Task Beluga_MCQ_002228: Failed to extract answer (Attempt 3/3).
2026-03-11 07:42:01,160 - WARNING - Task Beluga_MCQ_002230: Failed to extract answer (Attempt 1/3).
2026-03-11 07:42:45,856 - WARNING - Task Beluga_MCQ_002234: Failed to extract answer (Attempt 1/3).
2026-03-11 07:43:24,951 - WARNING - Task Beluga_MCQ_002237: Failed to extract answer (Attempt 1/3).
2026-03-11 07:43:59,010 - WARNING - Task Beluga_MCQ_002240: Failed to extract answer (Attempt 1/3).
2026-03-11 07:44:11,603 - WARNING - Task Beluga_MCQ_002240: Failed to extract answer (Attempt 2/3).
2026-03-11 07:44:24,128 - WARNING - Task Beluga_MCQ_002240: Failed to extract answer (Attempt 3/3).
2026-03-11 07:44:57,055 - WARNING - Task Beluga_MCQ_002247: Failed to extract answer (Attempt 1/3).
2026-03-11 07:45:09,492 - WARNING - Task Beluga_MCQ_002247: Failed to extract answer (Attempt 2/3).
2026-03-11 07:45:21,935 - WARNING - Task Beluga_MCQ_002247: Failed to extract answer (Attempt 3/3).
2026-03-11 07:45:34,257 - WARNING - Task Beluga_MCQ_002248: Failed to extract answer (Attempt 1/3).
2026-03-11 07:45:57,914 - WARNING - Task Beluga_MCQ_002249: Failed to extract answer (Attempt 1/3).
2026-03-11 07:46:25,670 - WARNING - Task Beluga_MCQ_002251: Failed to extract answer (Attempt 1/3).
2026-03-11 07:46:38,128 - WARNING - Task Beluga_MCQ_002251: Failed to extract answer (Attempt 2/3).
2026-03-11 07:46:50,590 - WARNING - Task Beluga_MCQ_002251: Failed to extract answer (Attempt 3/3).
2026-03-11 07:47:02,961 - WARNING - Task Beluga_MCQ_002252: Failed to extract answer (Attempt 1/3).
2026-03-11 07:47:23,110 - WARNING - Task Beluga_MCQ_002253: Failed to extract answer (Attempt 1/3).
2026-03-11 07:47:47,235 - WARNING - Task Beluga_MCQ_002254: Failed to extract answer (Attempt 1/3).
2026-03-11 07:47:59,695 - WARNING - Task Beluga_MCQ_002254: Failed to extract answer (Attempt 2/3).
2026-03-11 07:48:12,153 - WARNING - Task Beluga_MCQ_002254: Failed to extract answer (Attempt 3/3).
2026-03-11 07:48:27,442 - WARNING - Task Beluga_MCQ_002256: Failed to extract answer (Attempt 1/3).
2026-03-11 07:49:13,911 - WARNING - Task Beluga_MCQ_002266: Failed to extract answer (Attempt 1/3).
2026-03-11 07:49:26,368 - WARNING - Task Beluga_MCQ_002266: Failed to extract answer (Attempt 2/3).
2026-03-11 07:49:38,945 - WARNING - Task Beluga_MCQ_002266: Failed to extract answer (Attempt 3/3).
2026-03-11 07:49:54,703 - WARNING - Task Beluga_MCQ_002269: Failed to extract answer (Attempt 1/3).
2026-03-11 07:50:17,358 - WARNING - Task Beluga_MCQ_002271: Failed to extract answer (Attempt 1/3).
2026-03-11 07:50:29,809 - WARNING - Task Beluga_MCQ_002271: Failed to extract answer (Attempt 2/3).
2026-03-11 07:50:42,298 - WARNING - Task Beluga_MCQ_002271: Failed to extract answer (Attempt 3/3).
2026-03-11 07:50:54,696 - WARNING - Task Beluga_MCQ_002272: Failed to extract answer (Attempt 1/3).
2026-03-11 07:51:07,197 - WARNING - Task Beluga_MCQ_002272: Failed to extract answer (Attempt 2/3).
2026-03-11 07:51:19,683 - WARNING - Task Beluga_MCQ_002272: Failed to extract answer (Attempt 3/3).
2026-03-11 07:51:48,585 - WARNING - Task Beluga_MCQ_002278: Failed to extract answer (Attempt 1/3).
2026-03-11 07:52:09,088 - WARNING - Task Beluga_MCQ_002280: Failed to extract answer (Attempt 1/3).
2026-03-11 07:52:21,579 - WARNING - Task Beluga_MCQ_002280: Failed to extract answer (Attempt 2/3).
2026-03-11 07:52:34,069 - WARNING - Task Beluga_MCQ_002280: Failed to extract answer (Attempt 3/3).
2026-03-11 07:52:47,503 - WARNING - Task Beluga_MCQ_002282: Failed to extract answer (Attempt 1/3).
2026-03-11 07:52:59,960 - WARNING - Task Beluga_MCQ_002282: Failed to extract answer (Attempt 2/3).
2026-03-11 07:53:12,423 - WARNING - Task Beluga_MCQ_002282: Failed to extract answer (Attempt 3/3).
2026-03-11 07:53:26,274 - WARNING - Task Beluga_MCQ_002284: Failed to extract answer (Attempt 1/3).
2026-03-11 07:53:38,746 - WARNING - Task Beluga_MCQ_002284: Failed to extract answer (Attempt 2/3).
2026-03-11 07:53:51,221 - WARNING - Task Beluga_MCQ_002284: Failed to extract answer (Attempt 3/3).
2026-03-11 07:54:03,562 - WARNING - Task Beluga_MCQ_002285: Failed to extract answer (Attempt 1/3).
2026-03-11 07:54:20,357 - WARNING - Task Beluga_MCQ_002287: Failed to extract answer (Attempt 1/3).
2026-03-11 07:54:54,571 - WARNING - Task Beluga_MCQ_002290: Failed to extract answer (Attempt 1/3).
2026-03-11 07:55:17,665 - WARNING - Task Beluga_MCQ_002292: Failed to extract answer (Attempt 1/3).
2026-03-11 07:56:44,776 - WARNING - Task Beluga_MCQ_002305: Failed to extract answer (Attempt 1/3).
2026-03-11 07:57:22,221 - WARNING - Task Beluga_MCQ_002309: Failed to extract answer (Attempt 1/3).
2026-03-11 07:57:34,687 - WARNING - Task Beluga_MCQ_002309: Failed to extract answer (Attempt 2/3).
2026-03-11 07:57:47,208 - WARNING - Task Beluga_MCQ_002309: Failed to extract answer (Attempt 3/3).
2026-03-11 07:58:04,537 - WARNING - Task Beluga_MCQ_002312: Failed to extract answer (Attempt 1/3).
2026-03-11 07:58:28,918 - WARNING - Task Beluga_MCQ_002315: Failed to extract answer (Attempt 1/3).
2026-03-11 07:58:55,955 - WARNING - Task Beluga_MCQ_002320: Failed to extract answer (Attempt 1/3).
2026-03-11 07:59:15,344 - WARNING - Task Beluga_MCQ_002322: Failed to extract answer (Attempt 1/3).
2026-03-11 07:59:27,816 - WARNING - Task Beluga_MCQ_002322: Failed to extract answer (Attempt 2/3).
2026-03-11 07:59:40,275 - WARNING - Task Beluga_MCQ_002322: Failed to extract answer (Attempt 3/3).
2026-03-11 08:00:11,343 - WARNING - Task Beluga_MCQ_002327: Failed to extract answer (Attempt 1/3).
2026-03-11 08:00:23,793 - WARNING - Task Beluga_MCQ_002327: Failed to extract answer (Attempt 2/3).
2026-03-11 08:00:36,274 - WARNING - Task Beluga_MCQ_002327: Failed to extract answer (Attempt 3/3).
2026-03-11 08:00:48,648 - WARNING - Task Beluga_MCQ_002328: Failed to extract answer (Attempt 1/3).
2026-03-11 08:01:01,114 - WARNING - Task Beluga_MCQ_002328: Failed to extract answer (Attempt 2/3).
2026-03-11 08:01:13,579 - WARNING - Task Beluga_MCQ_002328: Failed to extract answer (Attempt 3/3).
2026-03-11 08:01:38,112 - WARNING - Task Beluga_MCQ_002331: Failed to extract answer (Attempt 1/3).
2026-03-11 08:01:50,609 - WARNING - Task Beluga_MCQ_002331: Failed to extract answer (Attempt 2/3).
2026-03-11 08:02:03,077 - WARNING - Task Beluga_MCQ_002331: Failed to extract answer (Attempt 3/3).
2026-03-11 08:02:16,858 - WARNING - Task Beluga_MCQ_002333: Failed to extract answer (Attempt 1/3).
2026-03-11 08:02:29,336 - WARNING - Task Beluga_MCQ_002333: Failed to extract answer (Attempt 2/3).
2026-03-11 08:02:41,780 - WARNING - Task Beluga_MCQ_002333: Failed to extract answer (Attempt 3/3).
2026-03-11 08:03:04,634 - WARNING - Task Beluga_MCQ_002336: Failed to extract answer (Attempt 1/3).
2026-03-11 08:03:17,089 - WARNING - Task Beluga_MCQ_002336: Failed to extract answer (Attempt 2/3).
2026-03-11 08:03:29,556 - WARNING - Task Beluga_MCQ_002336: Failed to extract answer (Attempt 3/3).
2026-03-11 08:03:42,033 - WARNING - Task Beluga_MCQ_002337: Failed to extract answer (Attempt 1/3).
2026-03-11 08:03:54,603 - WARNING - Task Beluga_MCQ_002337: Failed to extract answer (Attempt 2/3).
2026-03-11 08:04:07,089 - WARNING - Task Beluga_MCQ_002337: Failed to extract answer (Attempt 3/3).
2026-03-11 08:04:19,457 - WARNING - Task Beluga_MCQ_002338: Failed to extract answer (Attempt 1/3).
2026-03-11 08:04:31,943 - WARNING - Task Beluga_MCQ_002338: Failed to extract answer (Attempt 2/3).
2026-03-11 08:04:44,428 - WARNING - Task Beluga_MCQ_002338: Failed to extract answer (Attempt 3/3).
2026-03-11 08:04:56,868 - WARNING - Task Beluga_MCQ_002339: Failed to extract answer (Attempt 1/3).
2026-03-11 08:05:14,524 - WARNING - Task Beluga_MCQ_002340: Failed to extract answer (Attempt 1/3).
2026-03-11 08:05:26,978 - WARNING - Task Beluga_MCQ_002340: Failed to extract answer (Attempt 2/3).
2026-03-11 08:05:39,429 - WARNING - Task Beluga_MCQ_002340: Failed to extract answer (Attempt 3/3).
2026-03-11 08:05:59,828 - WARNING - Task Beluga_MCQ_002342: Failed to extract answer (Attempt 1/3).
2026-03-11 08:06:31,355 - WARNING - Task Beluga_MCQ_002346: Failed to extract answer (Attempt 1/3).
2026-03-11 08:06:43,851 - WARNING - Task Beluga_MCQ_002346: Failed to extract answer (Attempt 2/3).
2026-03-11 08:06:56,337 - WARNING - Task Beluga_MCQ_002346: Failed to extract answer (Attempt 3/3).
2026-03-11 08:07:08,768 - WARNING - Task Beluga_MCQ_002347: Failed to extract answer (Attempt 1/3).
2026-03-11 08:07:30,130 - WARNING - Task Beluga_MCQ_002350: Failed to extract answer (Attempt 1/3).
2026-03-11 08:07:47,740 - INFO - Inference finished.
